,A,B,C,D
2000-01-01,0.741777521923413,0.6175879961151027,-0.6924309578165506,0.4225977768263139
2000-01-02,-0.032012150864265454,-0.24623504219142545,1.2115742973958563,-0.06055435084340788
2000-01-03,0.6467954206256241,-0.928576689095648,-0.16245767706911773,-0.38937329773618945
2000-01-04,0.006689737420701669,-1.4729506439814792,-0.6273848082619806,-0.831595697064154
2000-01-05,-0.4410179954838082,-2.330354415699187,-2.9544510788313447,-0.32390407309941327
2000-01-06,0.8428419138198828,-3.1853632869496935,-4.0983725297349585,-1.596954707788087
2000-01-07,1.9584881751704712,-3.0146728964327907,-2.8306111405388985,-1.4352391600573176
2000-01-08,3.646643387948854,-2.207290388114181,-2.6559992810354425,-2.316175780515152
2000-01-09,4.222025529642541,-3.72856981930756,-2.0441512599108633,-2.3897240285249635
2000-01-10,4.52658268396617,-4.315540788626928,-2.471350147232806,-2.460862265138124
2000-01-11,5.759393551567307,-6.04499555789692,-2.4303459762624637,-2.8567838488045276
2000-01-12,4.5528081944644665,-5.872904374254212,-2.874518065329047,-2.5881123784321507
2000-01-13,4.287416854190439,-5.343612384982005,-2.9359351955521302,-2.5856585326585226
2000-01-14,5.2810395269704165,-4.84803596675275,-3.330072228402974,-3.7624795036088803
2000-01-15,4.670817174808534,-2.6993950471492876,-5.584010199128619,-2.268720880994392
2000-01-16,4.3899925905177275,-2.690945196366381,-4.693610696490784,-1.4633807326705819
2000-01-17,4.321167096527397,-4.1912031317397815,-5.788240154308371,-0.20714032760800083
2000-01-18,5.347705797027814,-3.561123079099557,-8.305378257219575,-0.46786609471782015
2000-01-19,6.117008352072894,-2.391698074063234,-6.984397550080744,-2.4566587748515456
2000-01-20,7.684171125756113,-1.8829645419800718,-6.402247129970246,-3.316019411043886
2000-01-21,8.38402599015839,-1.8478690011904273,-6.401777121431424,-3.4803599568545254
2000-01-22,8.007899247830483,-1.0587032967403025,-5.91865558849792,-3.4362832245962314
2000-01-23,7.207572139840808,-2.0399229709958098,-6.130831219756558,-3.7163222622792698
2000-01-24,7.434108839534792,-2.334259894678683,-5.953029655124203,-4.430941559717976
2000-01-25,6.136578440239676,-2.6524126902765177,-5.055208528314934,-4.496674537847708
2000-01-26,7.161327406099179,-2.322656999268881,-6.801677067858841,-3.959528131601051
2000-01-27,8.571083218463295,-2.5880650068247246,-6.3398559011042845,-4.168774351433387
2000-01-28,8.228484894559092,-1.2606082774627025,-6.611350823265981,-3.6308992929966446
2000-01-29,6.2407180623284875,-1.45687542079694,-7.360995942251708,-3.01456448044477
2000-01-30,6.370784521396983,-1.4752527874844468,-6.8075077020607475,-2.549438461011268
2000-01-31,5.894543182572443,-1.5765832980823498,-5.662817753631338,-2.1680087426031855
2000-02-01,5.649502004154144,-0.7631756381267206,-5.478874623913784,-3.008944810139041
2000-02-02,5.917899878362548,0.13796501141877893,-5.8361127546135325,-2.7140916103174697
2000-02-03,5.564284078721076,-0.8675411518790201,-6.313622369658806,-2.1158804592265743
2000-02-04,3.8581546439435885,-0.5863996431876375,-5.929801347556567,-2.0249601524197085
2000-02-05,4.485314546698725,-0.25882436044435,-4.574278770889116,-1.751881111957414
2000-02-06,3.8193296473451515,1.027986321525871,-4.511013335942296,-1.6274797844778046
2000-02-07,3.116962211776354,0.9408387713652634,-2.9719912043547785,-1.9055708446534956
2000-02-08,2.8328189009478213,0.9206151575952907,-2.987799835111661,-1.9169531606823802
2000-02-09,3.348587065500226,0.28493056354001345,-2.789927050398776,-2.680357299368662
2000-02-10,2.6810843453251563,2.0297860605616,-0.589530889995483,-2.803381643190366
2000-02-11,1.021694454453012,2.9334416531394787,0.48036260805117714,-3.573321174674543
2000-02-12,-0.6008858586461365,4.712748393368219,0.18818737548076514,-3.7789732069560067
2000-02-13,-0.8404615789218353,4.724327486775922,-0.00033735139132909375,-5.121869417251992
2000-02-14,-0.8475403490315967,4.952777433390743,-1.366907898285137,-4.005029074963487
2000-02-15,-1.1699098608570455,5.366761155042458,-1.9713252315325773,-2.230651502671056
2000-02-16,-1.8497324245994977,5.384460997442022,-3.6771783894924326,-3.4528020596258058
2000-02-17,-2.27999981318632,5.24530175893006,-4.2519851592013875,-2.461933872300512
2000-02-18,-0.2827689865746559,4.690832309744589,-2.959952926867837,-4.176834056777829
2000-02-19,0.11711401144684719,4.363424053070326,-3.778710600581616,-3.7388003707568496
2000-02-20,0.8103668463715574,3.6831940253739144,-5.211578409608667,-2.637701567817749
2000-02-21,0.0332275649231899,4.05015031328871,-3.6066203814743707,-3.048891576082103
2000-02-22,-0.9528368611087866,4.146092627373876,-3.530424041926096,-2.8682817442729465
2000-02-23,-0.7706249237490598,2.139656007684826,-4.688401518613573,-1.7180608518579907
2000-02-24,-0.24549676559781985,3.882848363018044,-4.48513348002032,-2.6927373364464953
2000-02-25,-1.606116462108675,2.212610525232671,-5.887444572832366,-2.5332888146305694
2000-02-26,-0.29356286563873235,3.231402807564961,-6.229907669405554,-1.7252114718620406
2000-02-27,-0.2764631728469905,2.2330649225667223,-6.840280484043445,-0.08547661522210515
2000-02-28,-0.3087802990428301,2.2037559282084125,-6.896835901750002,-0.5285926026387111
2000-02-29,-0.5856287580288152,2.995013051828043,-6.011833307046898,-1.4210633910380626
2000-03-01,-1.0015510234421163,3.5874249284109077,-6.450205984601554,-2.1091435759888832
2000-03-02,0.01865385658286911,4.78987397090306,-5.808949164394156,-0.2682575401154137
2000-03-03,0.20834175613895245,5.199287422920329,-5.72728274017279,0.2001027115838473
2000-03-04,1.2098667844738071,6.057004010640671,-6.072231311628836,1.4493350833423095
2000-03-05,0.6454051644566832,7.568018901556942,-7.410427963595484,2.3681333576731163
2000-03-06,-0.005013105288477648,8.526412575032206,-8.583093661413635,0.8759270979645837
2000-03-07,-0.7588280414036428,6.30244931040917,-6.6638557484052034,0.5864220502947639
2000-03-08,0.5806983267256447,5.814529896044398,-6.269612241445624,0.8291683288972956
2000-03-09,1.7691478824948532,3.548632092897656,-4.67885378676503,0.9577514958379492
2000-03-10,2.2927894275362517,2.6665530149696384,-4.818158565565609,0.8704423516640405
2000-03-11,1.6952445556245679,2.689307066551887,-6.5614884412440775,1.2357391418207442
2000-03-12,1.5796080248803461,2.941754680425199,-7.897842160973226,0.8896970041293919
2000-03-13,0.4600747724670813,3.33199464919012,-8.75705500022976,-0.09172377695634659
2000-03-14,-0.06827276679662186,2.9682364042820284,-7.55180191005652,0.3695072830926652
2000-03-15,0.20027765030637446,2.778894721980326,-6.666299093104694,-0.09907394902490957
2000-03-16,0.25822275775210507,4.577451184043472,-7.4278506377321705,2.1291540295773395
2000-03-17,-0.30776107622411947,2.9992896061246643,-7.66282337392982,2.1397410281751443
2000-03-18,-1.1862276792090598,3.1287380924189487,-7.5011196049367515,3.133215689851294
2000-03-19,-2.3309737329903015,3.665897047121149,-7.333495721079023,3.6143074680895575
2000-03-20,-2.7926766081260577,3.9887808278148724,-7.250332864995826,3.259259642139395
2000-03-21,-2.9503177792136888,5.238134711991016,-7.743501600432945,3.112268118410931
2000-03-22,-2.2165649767925535,5.963843935101935,-8.478511196432345,0.8235278573374947
2000-03-23,-1.8116633385911334,5.760283509736095,-9.155571965759126,1.4556152875867632
2000-03-24,-2.323370694696279,4.2994940378548385,-7.8594155989814,0.9180131030860202
2000-03-25,0.3993419738525099,5.282892261818964,-8.009113251835755,0.2588927061960409
2000-03-26,0.432236672054945,5.525318296507842,-8.001799234598456,0.019634227327595316
2000-03-27,-1.1392239414330811,4.629089878752698,-9.498108267929343,-0.1867924062144326
2000-03-28,-2.970501371107799,5.11712750208645,-8.478090511214813,1.0443621951559732
2000-03-29,-4.101599663426454,4.79912858146045,-8.02102398155391,0.1815853992714116
2000-03-30,-5.270490339167422,4.93325678755003,-8.020924219570782,-0.1418516124138569
2000-03-31,-4.223855385438027,5.133196869555842,-7.6630200768783325,-0.006070022827755317
2000-04-01,-4.922472454891302,5.587630635363044,-7.60648321777597,-0.5175761649456401
2000-04-02,-3.798033168990733,7.220668753378611,-6.955790247323492,-0.791920734334506
2000-04-03,-1.6428088193770947,7.7760870905714015,-7.078251492931143,-2.1957936661279174
2000-04-04,-1.8273237394961819,7.1688262079806995,-6.628415141177345,-2.1712577798159773
2000-04-05,-1.0640957713534487,8.079342590852866,-6.67436085354312,-2.488450274158393
2000-04-06,-1.341200408996205,8.200408107249025,-6.47971176953699,-3.165297585754623
2000-04-07,-2.438075188165086,9.57438037372897,-5.1265279126023655,-3.91658632900498
2000-04-08,-3.8596382085278362,10.980327559724241,-6.178999155789399,-3.8250919394709735
2000-04-09,-3.7041786018075866,12.193599613590816,-6.7177383979755065,-2.85938618419209
2000-04-10,-2.7941548053680605,11.905196565433334,-5.419115191736308,-3.2043309905956128
2000-04-11,-3.194820463110835,10.53612367518451,-3.744984814861496,-5.173351767040404
2000-04-12,-2.8239205502245266,10.136671944330516,-2.243613155001217,-5.224147669387218
2000-04-13,-3.227342403496691,9.893597841972099,-1.9314699205193886,-6.5634763069898785
2000-04-14,-1.3773902677588623,9.054066948718395,-0.35399356057975195,-4.773468184639221
2000-04-15,-2.371453672970535,9.387229569842683,-1.105944253776717,-4.5516344399245865
2000-04-16,-2.4287853943815887,8.962729306672895,-1.8058443519748466,-4.228647469281204
2000-04-17,-2.5291712094365595,8.90375068051505,-2.145162214641918,-4.073932055929309
2000-04-18,-3.3373236404138096,10.956088503015405,-2.1749862333560923,-3.8961883859659117
2000-04-19,-2.645662071258752,11.911721427644455,-0.9918269568508431,-3.309407068377914
2000-04-20,-2.2092883928523106,11.584828870157024,-0.7229542660601056,-2.9151736551741223
2000-04-21,-1.6362909939948214,10.352327222837946,-0.3608406605454279,-3.6935310047294996
2000-04-22,-1.4754436073710826,11.187498414241782,1.2381404456305896,-2.89800941858075
2000-04-23,-1.5148327656498173,12.633851393451202,0.18680900513111132,-2.6046672404536864
2000-04-24,0.40924925672414325,11.91059477747532,0.8111754997106091,-2.847684639387902
2000-04-25,-0.9396362968213157,11.282108904816788,0.16970100716049608,-3.530858110767666
2000-04-26,-2.5358205591030236,12.374426589595478,1.0349207359275026,-3.8623745342545472
2000-04-27,-3.2323037807065345,11.876041761769413,2.7488333870142228,-2.6512926010973574
2000-04-28,-4.44997107059808,10.865531243705204,1.8336678403401319,-1.432265865300616
2000-04-29,-3.9309097193841254,10.491599672805464,0.8265481684033702,-1.879874032768046
2000-04-30,-4.961134692887778,9.667007135452582,1.3945000034216266,-1.2541382539835686
2000-05-01,-3.1279834283052104,10.076783352840383,1.2050196828969222,-1.6930171276085741
2000-05-02,-5.297096930269648,10.417605240604265,1.143275800094913,-1.178516842622437
2000-05-03,-4.583660836189131,11.646681776235877,1.5246253606440006,-1.588446808211277
2000-05-04,-5.609095124062307,11.467121470213854,3.848540582784257,-0.7638039560276816
2000-05-05,-7.969495774247256,12.496456227147663,5.666022699953864,-0.1601100384867522
2000-05-06,-7.446489955334033,13.315084249674165,5.5355287358542435,-2.1955095418348396
2000-05-07,-9.36288598908056,14.763534653211702,4.828037425274233,-1.8944413283636186
2000-05-08,-6.834753189446165,16.402098589038488,5.417831267143122,-3.445170479809967
2000-05-09,-7.78629373985325,18.269528803799357,4.170318893507014,-2.654591760606438
2000-05-10,-8.716576417884346,18.532678487750673,4.346069697450695,-2.341429837357558
2000-05-11,-9.595676143788213,16.80613119659101,1.363927036585125,-3.7761362898254074
2000-05-12,-9.790321958998474,17.072616883488237,-0.2088520018825617,-3.6400604004009
2000-05-13,-9.594966327795637,17.04085926748149,-1.967960484575735,-4.126039482415756
2000-05-14,-10.475925844746005,19.58484133120036,-1.2380835185973216,-2.0722412735279025
2000-05-15,-10.368598242738448,17.748366780717507,-1.1182468207261456,-0.2159833458172915
2000-05-16,-9.91003589880806,17.028378360775847,-3.0724805658540912,0.7452381957765553
2000-05-17,-9.64464959595058,17.543821780833927,-1.3894509576326635,2.000429304987067
2000-05-18,-9.712981462026635,16.39951806852053,-2.8126672855808383,2.7061222525918653
2000-05-19,-9.833210263329915,14.32005241515795,-2.7183216780329267,2.1934050633687736
2000-05-20,-9.95041302222981,13.547154303226032,-4.473460363337683,2.1208342653888854
2000-05-21,-9.57419231191939,14.062986349525298,-2.1327157776184977,1.1201040519672634
2000-05-22,-9.952012797867708,14.114829422424858,-0.5667135815647075,-0.13765572857852715
2000-05-23,-10.399408953477371,14.390868626363575,1.6667480000693788,-1.356915941493157
2000-05-24,-10.633629754218969,11.70872973042206,1.1151492047637084,-0.1618299202830895
2000-05-25,-11.803303244557664,11.444551063699137,1.6658344103014,-1.0478310842553347
2000-05-26,-13.62913667581563,11.240274328769987,1.7254690918395135,-1.300338182238089
2000-05-27,-14.849280444666276,11.121861074806004,1.2780540207696571,-2.0876088612256414
2000-05-28,-16.037802515828787,11.059394995629031,0.6728820346686071,-2.6089537371208014
2000-05-29,-17.085819655674793,11.517254858713125,1.5607283870828277,-2.895139022368647
2000-05-30,-18.08372593172073,9.98865311179032,2.6332945592539057,-3.2992487795526984
2000-05-31,-19.266201824877914,10.630053602957194,3.067433455862237,-2.477654886742913
2000-06-01,-20.52705639403999,7.968900926297189,2.0058817327754537,-2.5270354352184055
2000-06-02,-18.789057611371604,7.690110225600407,1.9866607047193736,-3.3933013468490345
2000-06-03,-18.271803452165845,7.772363165632055,1.4270111459237549,-3.8363925993164965
2000-06-04,-18.25830879223399,7.723511455617718,1.2801507967803152,-4.690251675664805
2000-06-05,-19.326348266337888,7.163499443503199,3.6119163918237467,-3.6201231296172844
2000-06-06,-19.570412950657175,6.021930236404642,3.6769629378689017,-4.489729075379644
2000-06-07,-20.37707269370765,8.125291658845294,4.556005884192283,-5.552657368055354
2000-06-08,-20.797207146489015,6.875275840566856,2.697268860506121,-6.591493190583227
2000-06-09,-21.229460015603337,7.1124163813203465,3.226535732171247,-7.74872759325846
2000-06-10,-20.359436326798125,5.497460604165456,4.3699051626554395,-8.408589778668507
2000-06-11,-21.53474042494601,5.782279294864136,3.6619876532784166,-7.307741405952353
2000-06-12,-19.972726310199963,6.261302235466854,3.258062465262558,-5.271353666084032
2000-06-13,-20.2240417491055,6.080896612985405,1.8859093128738202,-6.69678579204581
2000-06-14,-22.10540225609148,8.412535596207366,3.0483813762565948,-6.57404877698482
2000-06-15,-22.3887124180289,8.461748701675035,1.2906574726327305,-5.837494182137909
2000-06-16,-23.555454749886913,8.452579848463389,1.735329942825833,-6.760896618893896
2000-06-17,-24.550153431877956,9.843548821945008,1.7356682617330377,-5.5424013014181615
2000-06-18,-25.607572145354673,10.371066815429934,1.7606612269015216,-4.937554587949941
2000-06-19,-24.868792510359963,9.088314335491184,3.419302125118149,-5.3082915454112785
2000-06-20,-24.94086414757542,7.033122513411898,3.8416788746120485,-3.6196483609034606
2000-06-21,-24.50620320728626,9.997089548002055,2.42849930732726,-1.7906075018317362
2000-06-22,-24.755649621138986,10.412633317164348,3.3897716622476413,-3.654475109351733
2000-06-23,-24.926821902383377,10.127948832979465,3.1542972546678554,-3.661104405190278
2000-06-24,-25.525372978232042,9.470375889708965,3.53421035252542,-3.507245191647956
2000-06-25,-25.644172111604583,8.893329058430778,3.930846858980293,-3.546589378651081
2000-06-26,-26.438213188406838,9.349384757077672,4.07530033651311,-3.9543719465487963
2000-06-27,-26.449275584812327,8.114424883131118,3.5717686405998763,-2.778184039085274
2000-06-28,-27.423950196893713,7.0012831371877455,3.6591610123326945,-3.113704437826573
2000-06-29,-28.159653751914227,7.467426617494022,3.1688042317084353,-1.3482241155726298
2000-06-30,-27.506302425427723,8.855804311195913,2.5376910188096855,-1.1661323191962842
2000-07-01,-28.41954916412967,8.441753138153924,0.9679772494375534,-1.7409304452772458
2000-07-02,-29.839244116504045,8.874884790878811,-0.47128693390475807,-2.3647623803461655
2000-07-03,-29.18677710988755,9.23700490188645,-0.1744068096902584,-2.290089725287304
2000-07-04,-28.630232209499226,9.4882574293182,-0.7052176119073745,-1.5673161778008824
2000-07-05,-28.301276577387792,9.274571954596116,-2.78023968115596,-0.1561853818418888
2000-07-06,-28.2457426121578,10.49066357230043,-3.610938276096725,1.7805447683389752
2000-07-07,-29.14401976493595,13.768697029502007,-2.2509529986163397,1.6422382418474224
2000-07-08,-29.62695718740895,13.133527818793226,-1.6824501056610202,1.9221640672872264
2000-07-09,-30.044145042801684,12.015707274850882,-2.0374320611328116,1.2702380348702733
2000-07-10,-31.584027558521942,11.35948082619722,-2.2814194165893267,2.464593353815053
2000-07-11,-30.968581059341776,11.018362816725363,-3.157347689603127,3.7218797737632343
2000-07-12,-31.64638623126166,10.941378597286105,-4.2047462539002485,4.43314195365991
2000-07-13,-32.2920300413527,10.211135173157038,-5.388253719386456,4.742002487772541
2000-07-14,-30.723039880374444,9.287884088801123,-4.790709110326352,4.896080745119173
2000-07-15,-30.451098582939892,8.181002996638354,-5.840457901075549,1.0853627567772817
2000-07-16,-30.64350407886119,7.450284599170342,-7.975968245587777,0.46409294123210754
2000-07-17,-30.744310403127553,7.840891889209328,-7.026675183957864,1.5578534825004677
2000-07-18,-31.442057334080584,6.739796693905699,-6.83812326126703,2.150110385003277
2000-07-19,-32.776922784830774,6.911297569046815,-7.776130483534231,0.616533420444898
2000-07-20,-33.58244237323135,8.241244469205267,-6.8330672268217505,-2.4944594673135096
2000-07-21,-32.9605997041557,7.9053699676962355,-8.77379979333157,-2.08407761589947
2000-07-22,-33.4810708689069,8.525553153094284,-6.930445337722689,-2.5733287906874027
2000-07-23,-32.54072655860409,9.662125170630404,-7.504609369286031,-2.29869886173962
2000-07-24,-32.40154926809186,10.45062779361479,-6.9283658504289125,-0.5931307280477021
2000-07-25,-32.269165409605826,11.154740019904734,-6.811139437311247,-0.44621531853450774
2000-07-26,-31.395544952642812,10.125730507240235,-6.34247218606373,0.4282478717989367
2000-07-27,-29.922480457213375,9.603072383437516,-6.168703713899412,0.5359017346637567
2000-07-28,-29.673301895794463,10.301062668176796,-5.3356002972000125,0.12298819075062817
2000-07-29,-31.131516697991774,9.7091380885617,-5.888525811523656,-0.8363144988052791
2000-07-30,-31.192579325359826,9.739953989035545,-5.8137219937021944,-2.4323672540052677
2000-07-31,-32.151324776699724,8.642777434953292,-5.035459490606089,-0.6450096166669343
2000-08-01,-33.667205373206336,7.279139331138138,-2.9862140666207218,0.6094308031107685
2000-08-02,-32.63145453465011,6.408599609386311,-4.6726424485556395,1.1995257516118412
2000-08-03,-33.2538187905825,7.136870059497051,-4.272333648494071,3.012926775826231
2000-08-04,-32.31097073032626,8.674201694418736,-3.8762738733820727,3.1195935829484798
2000-08-05,-32.84049927621205,9.07670497370485,-3.931361406342442,3.0117902672016155
2000-08-06,-32.65879008117773,8.704230734895317,-3.78572897423671,4.3631432137861825
2000-08-07,-34.222673750800894,8.912814008644439,-3.682253081331803,5.47698826453926
2000-08-08,-32.505483172760385,8.12894664888605,-3.6786505592153462,5.517165506825474
2000-08-09,-33.38099984126693,7.847032779979188,-2.5655983834911114,6.11494548843833
2000-08-10,-34.533973910807944,6.066654025526907,-3.1138994748299647,6.973717590334332
2000-08-11,-34.943160952766135,5.081586752254002,-3.7661286347226457,6.224166446224437
2000-08-12,-35.44058251573192,3.8861093997520335,-4.434711554607867,6.046121414678617
2000-08-13,-36.11202200643555,4.279825947576841,-3.228395727927966,5.783300813819667
2000-08-14,-36.03018463021188,3.9386940114649223,-3.1658942753573984,6.025900824616947
2000-08-15,-36.48737243864261,4.377926339201951,-3.7867226766554793,5.227404400148057
2000-08-16,-35.364728154171175,4.724804293824436,-3.894824286556879,4.332316606600953
2000-08-17,-34.94956788926505,4.24873652034803,-4.559244757864372,5.603747573885409
2000-08-18,-34.267633098004886,4.836737496765816,-4.084588012807834,6.1381122847779315
2000-08-19,-35.46318222171423,3.8095309792559737,-5.05189335685613,7.271795177001276
2000-08-20,-36.9032759045662,3.9226597735987023,-4.869286222794453,7.705790696119326
2000-08-21,-37.43886058270307,5.21602563271785,-3.7539133512861254,6.9941742824252495
2000-08-22,-38.449270808310565,5.535002168887161,-4.290769215634441,6.302628169221329
2000-08-23,-38.7238407441242,5.986370206246008,-4.643506951448143,5.931272083704919
2000-08-24,-39.14315759291334,4.633641572953862,-4.270521482745695,6.57900397519669
2000-08-25,-38.93582226529349,5.954176197664818,-2.671848811680429,3.55397127018685
2000-08-26,-39.01431904639641,7.034901020235557,-2.9002601770543945,3.2323785814860146
2000-08-27,-39.150007598841285,7.6129541363451265,-2.409121965981304,3.5152877957146798
2000-08-28,-38.61911257319236,7.4946054416251116,-2.1990313895490874,4.0383804684116305
2000-08-29,-41.06186686843705,7.632061009467176,-1.6095813877605454,3.9866946244933517
2000-08-30,-40.31752918535144,8.22582972654712,1.0248917601496492,3.6165650616282097
2000-08-31,-40.45642862644284,9.29974117195687,2.117531659433569,3.753715991857629
2000-09-01,-39.979963147754226,9.49232301734671,2.211743363146906,4.5751121607992316
2000-09-02,-38.48532763691526,10.72771081906085,2.100955611483333,5.4489953525803605
2000-09-03,-40.213172034906876,10.85228636629563,3.5146394166602297,4.868819524417916
2000-09-04,-39.591376262207596,10.696414459067707,3.774742198320946,6.007867232618635
2000-09-05,-39.1577165195284,11.032980673205039,2.4725462210830758,6.102616324188658
2000-09-06,-38.98904140576678,10.356984095447773,2.779473996302693,6.692149817816839
2000-09-07,-38.91026892513083,11.202083712595732,4.028126663009328,4.291739937875953
2000-09-08,-39.69488904501437,11.16016262167156,3.5099938916734827,5.485014151581557
2000-09-09,-40.76643554212616,12.13033448678775,1.8447830858667484,5.190289899381226
2000-09-10,-40.93221613994432,10.271813987993596,2.0093322270401117,5.650755545038114
2000-09-11,-39.85730153841743,10.507041053119648,3.816580997729426,5.139116716453043
2000-09-12,-40.55039806163154,9.730981537076245,4.148798366741712,4.770532403721306
2000-09-13,-40.523127141211894,10.69103756161682,5.001613974921367,4.212306787733837
2000-09-14,-40.78936860195112,9.245894066621133,4.863459540799733,5.0027061975527785
2000-09-15,-39.10342198833877,9.313596328381154,4.022612281901362,3.491792167270325
2000-09-16,-38.493654030132284,9.333364362621598,3.2056031747191476,2.9534479572293284
2000-09-17,-37.63084498533669,7.643026390491679,3.037570893618862,2.4680621186005998
2000-09-18,-37.718258224166625,10.236673780555643,3.9031911889019537,1.1451084749888396
2000-09-19,-37.97230637402119,9.772170361711623,3.655613676454132,-1.1385489031139209
2000-09-20,-37.79447736193533,9.443982614955653,4.473389914693193,-1.2384080876143706
2000-09-21,-38.002173240525245,8.563065729369027,6.121226345387182,-0.5569264063402096
2000-09-22,-38.82739395163455,10.641428348623451,4.946223986956071,-0.6343660061030102
2000-09-23,-37.95468262672786,9.902196088458911,6.560461878422606,0.3389863262151518
2000-09-24,-36.98028316220092,11.121427235102228,5.9027414925770145,1.1468448313348851
2000-09-25,-36.769517973489016,11.674537416990432,6.131741373068913,0.912383694718858
2000-09-26,-37.02686107047534,10.052894005476267,5.43846936954639,2.5849895873244733
2000-09-27,-38.080694792151505,10.934882068522553,5.226024825780873,1.5798114839719377
2000-09-28,-37.362978300395206,11.306805710324335,3.338749692550428,1.8617509074206753
2000-09-29,-39.93848715279047,11.477229986397006,4.474271713187507,1.9191982019333282
2000-09-30,-40.88418894818589,11.13573577059557,4.487748673782159,0.5712243220295237
2000-10-01,-42.564516460812726,10.765632241189714,4.918471768859119,0.7496893583619217
2000-10-02,-42.42659417096647,9.662790552654007,4.580374904513569,-0.8916479235876309
2000-10-03,-41.95542675037207,9.702204176975123,3.7572548790082063,-0.13474301291993385
2000-10-04,-41.198082529503274,10.001549481267615,2.13295748014128,0.9367473843685621
2000-10-05,-43.163615081071754,9.692655816357053,1.9110263170405233,1.7880509087843826
2000-10-06,-43.49983617711406,9.102133330365017,3.556171287624421,1.9594943939715235
2000-10-07,-43.40093290722791,9.721311576054829,3.2996699282902475,3.379570005022779
2000-10-08,-45.204249905201856,8.80750120926581,4.254593671752243,3.149875060616272
2000-10-09,-45.56826442371388,8.104958607949378,3.642352471344447,4.266640064873074
2000-10-10,-47.22932347360322,8.791553612262186,2.766150385526545,5.115324276233365
2000-10-11,-46.62967400746233,6.963371404069283,3.236897956023107,5.301167674623059
2000-10-12,-45.4528836286026,7.411588790982512,3.8519860443921394,6.172984338978496
2000-10-13,-44.995393974180374,7.517905896667036,3.5944354073765132,7.180553165340616
2000-10-14,-45.924890381122744,8.44904699485015,2.877298058822813,9.081381758115247
2000-10-15,-44.550144761363875,7.372195429288571,1.7510862635498576,10.213344843090841
2000-10-16,-45.11307204232867,7.194801794934356,1.1475818246240186,11.857684162808383
2000-10-17,-46.49452734887101,6.582273853875795,-0.26983178162028243,11.052693071428823
2000-10-18,-47.58643360265175,6.615642934260159,0.837056698886967,13.865356695193185
2000-10-19,-47.357164159498716,7.962905088828357,-0.45206934556107203,15.416843111809927
2000-10-20,-46.819145211567196,8.171369064703258,-1.0922480949688884,16.58873869952777
2000-10-21,-47.508943104520334,7.95470843159898,-2.255809267783002,15.889168473737497
2000-10-22,-46.23738407655138,7.82494989730445,-1.1175433784569069,14.081888960308422
2000-10-23,-44.56262340002311,7.098203698300981,-0.4409953078952037,14.3324250488786
2000-10-24,-44.91116599982661,7.731318377828038,0.5741561595033761,13.67087273455818
2000-10-25,-44.300168814283396,8.376189869731139,0.18040888435822322,12.953303309980315
2000-10-26,-43.55736442922212,8.766473856067616,1.746319015469791,13.732719718360187
2000-10-27,-44.02110166028856,9.030034255114556,2.276712780948386,13.020923592405847
2000-10-28,-43.89998177855268,11.090531976520367,2.9901879570162415,13.31473734865429
2000-10-29,-45.17846806457249,10.974467162040318,2.076729570904338,12.735709423379797
2000-10-30,-46.08250796343512,10.542967374294156,4.491134059280892,13.218715189477777
2000-10-31,-46.84841353183367,11.00807070331589,4.851548796366349,11.911781075638466
2000-11-01,-48.1732224178078,11.091523865329963,5.283390497662403,12.691954773651911
2000-11-02,-48.10390967738755,11.314069688604917,6.778369366167591,13.736554966491056
2000-11-03,-47.91502863988921,13.524005049309812,6.1837944259386255,13.809871020222214
2000-11-04,-48.41479903736714,13.842868525720634,5.408134756006548,13.542640834376298
2000-11-05,-47.47169772185985,15.14194604257223,6.112938872638319,15.108540328372976
2000-11-06,-47.84445822234921,14.251475020697345,4.010668867836538,15.970551701798136
2000-11-07,-48.514622106873986,13.199074661542626,3.97005975229971,15.42230347856659
2000-11-08,-49.253552243246844,13.807602447476842,1.9001963219616687,13.62295882366418
2000-11-09,-48.31885549420662,13.173338352697264,0.4633467442155106,13.698301224149121
2000-11-10,-48.02115262423271,12.826257043600188,0.21226453608273999,14.320404414106235
2000-11-11,-45.8246435395732,11.64548502793293,0.11116942193035627,14.62285527960199
2000-11-12,-45.43333217715505,12.284503821155184,0.3933973852675621,15.490715833506348
2000-11-13,-43.366811234479044,10.934105097139383,-0.7558627967280167,17.363356469436606
2000-11-14,-44.26962284231009,9.641641504508028,-0.7163235072007373,17.579237424363257
2000-11-15,-45.42025349165108,9.305948105755514,-1.0065040156779501,17.036736501008768
2000-11-16,-44.88262037938952,8.345926699079502,-0.10388755388360249,16.748050932601743
2000-11-17,-45.22594817722514,8.400364285731477,1.5951604806232784,16.321242170854095
2000-11-18,-44.86034645105689,8.9300525895409,1.1610386604269431,14.547196433324975
2000-11-19,-45.78541037412,9.12717162528305,1.4198295696790295,15.132877650578518
2000-11-20,-46.14347743121532,10.71641130304614,0.38195229982142753,14.129975535550127
2000-11-21,-46.75092399994925,10.737082621560711,2.233072389433542,13.743457310458641
2000-11-22,-47.179794414157776,11.4036799934622,2.434561148979354,15.135974982222864
2000-11-23,-47.11932881365833,11.749153528468367,2.143527232750525,16.90658061695693
2000-11-24,-48.56935349424304,11.17083265232969,1.6019739464421523,15.795960911392134
2000-11-25,-48.784904153820065,10.482069842026833,1.7608740535283602,14.273767872806763
2000-11-26,-47.609338832089165,11.146182065178541,-0.761318585817687,14.34429909157721
2000-11-27,-46.46406184678977,12.412061478979815,-0.6826421217881408,13.176241739805123
2000-11-28,-45.35765288538157,12.403319600583057,0.7287019629725763,12.78638627354207
2000-11-29,-45.05533609752311,10.769410053508935,2.071210309949619,14.584549628513235
2000-11-30,-44.34791145312382,12.460864416540444,2.8728636501656126,15.427863534346507
2000-12-01,-44.03761134716161,11.211545273321327,2.559362948023739,15.111073334422857
2000-12-02,-44.316263278151986,10.716012691711628,1.5759260828038242,15.45161921267109
2000-12-03,-43.17881759854771,11.476132392325635,0.1439712109547826,14.296407174108795
2000-12-04,-42.72852957329034,12.158532210917384,-0.7095002975559104,15.183983084355472
2000-12-05,-41.75073857215373,11.498202162912058,-0.09227399289231408,13.805107281929642
2000-12-06,-42.303093789869095,11.426566111414738,-0.6137141763373641,15.966715250351214
2000-12-07,-42.75631724658884,10.589145552616117,-1.8018978409511284,14.864080855988622
2000-12-08,-42.031414739073675,11.425747068486878,-2.429646123961915,15.228815664279798
2000-12-09,-41.67663191289503,11.730315081091275,-2.836547766535471,14.583513974941328
2000-12-10,-42.98034223844758,11.719344181791675,-3.355076738853185,14.465820519094422
2000-12-11,-43.40182887733587,10.56241923588997,-3.5020983316520815,14.11510835741721
2000-12-12,-42.631106717500536,10.904090215972465,-2.7865397652953505,11.839992099604554
2000-12-13,-41.90819321761668,10.949342103544598,-2.244073910472619,12.052790667654637
2000-12-14,-40.31355232376477,12.19863453580936,-3.1214245076134666,11.275496356963194
2000-12-15,-41.46994700288447,12.870324113915524,-4.641763203595051,10.090268429701155
2000-12-16,-40.92218705631116,11.711706762932861,-5.856328305448802,10.903956597615664
2000-12-17,-39.39992431455763,12.545190818379242,-7.360571180481727,12.182079970431158
2000-12-18,-38.44173495319243,14.665118044952322,-7.485186729854948,11.567808082241125
2000-12-19,-39.098232435912706,13.1535243873373,-6.099119534972354,12.16170882257382
2000-12-20,-39.879160954658325,11.760047908671186,-5.660061618120728,10.968537139093895
2000-12-21,-40.3880665623277,13.892485584352363,-6.956791018803438,12.52647842182337
2000-12-22,-39.17312664317647,13.124045011073587,-5.688652816255027,12.706574131295023
2000-12-23,-39.13672129230399,14.843531542984662,-5.922959418643923,13.270178392694879
2000-12-24,-41.6126986558532,14.850279831029455,-4.695395301495575,11.635176692078351
2000-12-25,-42.3522086971242,15.311647585460491,-5.166121406799504,11.63978320467891
2000-12-26,-42.13735857445732,16.348901346897875,-6.283057113143071,10.644295185399876
2000-12-27,-42.63609069578667,15.974309072548467,-6.322824627362463,11.92729815396111
2000-12-28,-42.78831559295371,15.762281071673375,-8.182210742934423,11.598177953939395
2000-12-29,-45.87633515601085,15.246705390122854,-8.798283432106135,12.221066623963841
2000-12-30,-45.46206883866253,15.57714669653605,-8.13175055488076,13.310677429734296
2000-12-31,-45.960292902706314,14.564084393278105,-7.706298381707711,13.018682007194114
2001-01-01,-47.144778610473836,14.315693638423157,-8.034503272642882,13.262480256900131
2001-01-02,-48.076535819924146,13.934452152566598,-9.285624899950266,13.084483124473662
2001-01-03,-47.385905049463965,13.575147298430444,-9.708793064367567,14.94851995617892
2001-01-04,-47.2830518067741,12.435983330899452,-9.728760758480393,14.831694055566462
2001-01-05,-48.73799278585136,12.175642288513547,-9.35580846462853,15.225590738646403
2001-01-06,-47.14390120923844,12.73482217505236,-10.168461610680009,14.886436209451581
2001-01-07,-46.950901249797035,11.569243441078394,-9.133295093911093,15.255734576267827
2001-01-08,-46.6041517893007,11.01904877963456,-9.594077747843809,15.84839764337612
2001-01-09,-46.08287638291729,11.298286233577892,-11.360825529797356,14.324089615184642
2001-01-10,-45.52550429436794,10.76455446296984,-12.758428598147267,14.894879515371256
2001-01-11,-46.96979603434552,10.550380740296259,-14.384560154131837,14.9444085532246
2001-01-12,-47.72524982175295,10.032251567789649,-13.188432074774626,14.966065849358461
2001-01-13,-46.54104705413361,9.259072779810307,-12.524248054571807,14.502423409354556
2001-01-14,-48.50533036993293,9.142109768435596,-16.124036311467048,15.53932119427429
2001-01-15,-48.41142275838365,10.42692971270837,-16.548373891781967,14.770233753671965
2001-01-16,-48.982180265987935,9.11822311369587,-17.97719850212317,15.009880500229496
2001-01-17,-47.849459356189286,9.02529369588099,-16.701816489332032,15.219849295378998
2001-01-18,-48.41204717679267,8.206446902933964,-16.28077414247195,14.096656199777762
2001-01-19,-47.45470928001694,9.675066445147952,-18.14743251870329,14.1107140328218
2001-01-20,-47.15127733815515,8.686744137193038,-19.909712812507756,13.496276588567106
2001-01-21,-47.95724989392549,7.173382669965267,-19.996042376331204,14.29416409535757
2001-01-22,-49.34700476447396,9.399895243124679,-20.542881538830304,15.29727312719295
2001-01-23,-48.581895165814274,8.040915354997722,-19.103647840452894,15.313438210320165
2001-01-24,-48.53635995601414,9.247503228272725,-19.106858979858227,14.154042170615131
2001-01-25,-48.459344976743346,8.456764769720268,-18.743652100659414,14.76850813446299
2001-01-26,-49.61710584002495,9.531736254190545,-20.768935696527087,15.875657362214351
2001-01-27,-49.46731449003446,9.991351421599262,-19.188033419902983,16.669104990076654
2001-01-28,-49.9676511431755,9.922207227065684,-19.974324496424014,15.217320384698011
2001-01-29,-49.25078925318974,8.502650853874687,-19.733848277994102,15.155658628027386
2001-01-30,-48.79011012548482,9.11799668314585,-22.185133635427654,14.538704906113823
2001-01-31,-49.64324943672029,9.081003322379658,-20.15245191216257,14.035183574183005
2001-02-01,-51.9898417073771,9.906809448049962,-19.469675736702687,13.387316057315902
2001-02-02,-51.415466251584604,7.519903140629188,-19.06054683308405,13.155577542332153
2001-02-03,-51.45313253787248,6.552325763857272,-20.462556131120966,12.993418822659121
2001-02-04,-52.15025173715941,5.049362390924076,-19.923894952166417,12.823289396625983
2001-02-05,-50.59166938225204,4.808060830521353,-19.554662196785518,13.577938039304051
2001-02-06,-48.939819197182636,4.190399372776553,-20.63475365123868,14.51754346799369
2001-02-07,-49.36358724899659,5.0669353298285165,-20.51797121174353,14.020639424936045
2001-02-08,-48.569683885149075,3.9689931728933607,-19.993728758769603,15.043730708131173
2001-02-09,-47.91692696657841,3.0406047249709673,-18.487465625220423,17.38320881635135
2001-02-10,-48.065106239383624,0.26466278948690425,-18.641714397960726,16.3006970874068
2001-02-11,-47.79644737095081,-0.15373165591102395,-18.731375623118268,15.256651991469157
2001-02-12,-47.23038643964946,0.648581559776904,-16.416682282398444,16.289032664203564
2001-02-13,-46.97527973972853,2.4837128815022833,-15.738331371305348,17.72665707370886
2001-02-14,-48.087834360049534,4.4590777490930105,-16.117562528186486,19.67218257901983
2001-02-15,-47.65440123593482,3.555745042921095,-16.94600080896398,18.95451618520963
2001-02-16,-46.591618767148276,3.6269414563980376,-16.399051702723483,19.32955666077503
2001-02-17,-47.39764808767765,4.2923457204797515,-16.14890064013922,19.533393678275008
2001-02-18,-50.22183344520877,2.6490942729912224,-16.87609123560719,18.754261844347795
2001-02-19,-50.10426169882611,2.0510046567031255,-16.345590690720222,18.32850928585686
2001-02-20,-48.29505348571289,1.0068772479738715,-16.166383237064373,17.27483716126881
2001-02-21,-47.48252169368969,0.27646166804507444,-15.360101903100189,17.075793860161156
2001-02-22,-48.35731393579815,1.048601132184095,-15.25315732138226,17.302026266984477
2001-02-23,-47.27064186682305,0.1484502584899149,-14.571049091182111,16.712061979095857
2001-02-24,-49.15223581422173,0.2208851823312828,-13.722593577389365,16.640499464523685
2001-02-25,-49.24687130369922,1.6755650495620966,-12.462584002016607,16.46639836636389
2001-02-26,-48.01321674338679,-0.7352457074453433,-12.389887362062893,15.110503572979724
2001-02-27,-46.86787478756976,-1.0129030405352268,-12.924645617392661,15.590444273681264
2001-02-28,-47.3194872005919,-0.88137452442235,-12.577672540874735,15.274515037220535
2001-03-01,-49.307025500188324,-0.11265248418784202,-10.572045608414342,14.515873698233992
2001-03-02,-49.553862724961135,0.09194917383095064,-9.271230644647536,12.862104762766926
2001-03-03,-47.854841578952374,-1.580192343570599,-8.930660127787649,11.597290757400243
2001-03-04,-47.150071008684215,-0.07101824903450593,-9.157408169270745,11.100561908161346
2001-03-05,-46.874594111101196,1.2152069053849752,-9.739660490592456,10.505472978285317
2001-03-06,-48.8816599352618,0.8457510895009506,-11.431177022422954,11.267533794300787
2001-03-07,-49.65940568453784,0.7836286961393398,-11.463490222490478,10.610578233391472
2001-03-08,-50.701727692455286,0.5025580415062993,-12.226946249821063,11.633891939608327
2001-03-09,-50.20275625716619,1.4609179365391618,-10.206958127568674,12.574974324028542
2001-03-10,-50.88140690104123,1.1209304380350824,-9.653514982379013,13.885789817999939
2001-03-11,-52.16944071616332,2.608838206513476,-10.986540257610176,13.451321124900389
2001-03-12,-51.22273048486427,1.5788436537093553,-9.49059823325535,12.59560651333711
2001-03-13,-49.91856429562982,2.8565284094687264,-9.207049263709138,13.501392275723624
2001-03-14,-47.35233566367392,1.291064385039044,-9.558253978791317,12.906055018903452
2001-03-15,-47.12930409454442,0.37869141760509606,-8.264899238604945,12.861986487620673
2001-03-16,-46.3783688296327,0.7922434697944148,-8.32872537393526,12.383704560811488
2001-03-17,-48.100178005649575,-0.3332475977843906,-7.933412815901146,12.165332014274366
2001-03-18,-49.756972356551266,-0.6289251489286811,-7.1058730579632785,12.190232781244998
2001-03-19,-50.99776145263635,0.358516509192116,-7.135074613842105,11.588758058820126
2001-03-20,-51.094329565370685,-1.0030803136875805,-8.144328652985836,12.041240460005397
2001-03-21,-52.14324647392635,-1.4057808699437264,-6.505916897128337,12.029689800235799
2001-03-22,-51.61303391961447,-1.9448087847289133,-4.214696963478295,11.287799618592246
2001-03-23,-52.64774386477135,-2.114968511398307,-4.886146773686465,11.037825450545535
2001-03-24,-52.4634282181692,-2.6932283376180823,-6.803017122749315,10.683265781024023
2001-03-25,-53.32282820730836,-1.4207130128434913,-6.476497481299486,10.940451732930594
2001-03-26,-52.22459728096417,-2.173365168996479,-7.063885073161915,11.124245961090017
2001-03-27,-51.748716543222656,-1.053089094187609,-7.558546459497017,12.098007840661337
2001-03-28,-52.664551606464954,-0.4828784457389237,-6.80233544481079,12.357744525450073
2001-03-29,-52.38515099234152,-2.207196671936731,-6.223367793159299,11.170261759886415
2001-03-30,-52.16990226802772,-1.6955918517940232,-6.355599312544244,11.869233762053717
2001-03-31,-52.38743764457607,-1.8033048497886535,-5.933341513850931,12.686177889844755
2001-04-01,-51.17429127270705,-1.9140204813906576,-6.493744833663536,11.68278856552778
2001-04-02,-51.42134887036111,-0.7092405621076503,-7.876231492185083,10.824106399548752
2001-04-03,-52.43176597839662,-1.2880974947207133,-6.984271540237152,11.317790358349638
2001-04-04,-52.48538643630289,-1.3856374652506755,-4.449604320970153,11.95344263501209
2001-04-05,-52.54137661843132,-2.4784728675455137,-2.9184706045686486,12.630928803523865
2001-04-06,-53.73008786166046,-1.2002137513319782,-1.725846394659399,10.830847129787994
2001-04-07,-52.208664396831516,-1.308142204365818,-1.595664252690404,10.412775445737886
2001-04-08,-50.90542137073192,-2.7044939364949183,-2.802352579287337,10.589657754020307
2001-04-09,-50.33483765939307,-3.9724655666385864,-1.7031892883605055,11.945417138353799
2001-04-10,-49.98376562040815,-5.027495823858398,-0.10874306400696554,12.022173203348595
2001-04-11,-50.16144136207369,-4.351738166238688,-1.2530319178160567,14.500553772010576
2001-04-12,-50.212819871947296,-4.704235902536529,-3.6237955767982593,14.645518052763379
2001-04-13,-50.50015060624121,-6.094612080020045,-3.945468508106882,15.339163572331227
2001-04-14,-48.65228129150374,-7.829710937699761,-5.19728192552036,15.237789700452312
2001-04-15,-49.31596284402229,-6.357450763560431,-3.711494527896745,14.31819468880728
2001-04-16,-49.013606205646795,-6.043645227408619,-3.663837526060908,15.521357914024977
2001-04-17,-48.23397743931992,-8.451304979907118,-3.1949378828312085,15.693177600209166
2001-04-18,-48.0124091716919,-9.18039268095279,-3.5574218735402927,15.445293012779079
2001-04-19,-48.21009330710995,-9.073325973296622,-2.910802606008546,15.059385703910198
2001-04-20,-48.37122937960876,-7.91543928830405,-0.3531182968123452,14.858729583657823
2001-04-21,-48.39575432118487,-7.89316903988728,0.14641737185085768,12.606282177790103
2001-04-22,-49.760731152628836,-8.813919888167554,2.0798689188713015,11.494805824290452
2001-04-23,-49.41162319786983,-6.772943990652745,1.63248128873047,12.071980207439811
2001-04-24,-48.53279027314599,-6.659147974435383,2.473847384859534,12.670373038003117
2001-04-25,-50.48060771176108,-6.63457231292158,1.7775161784611195,12.561417966174007
2001-04-26,-50.28086904484402,-6.945277571774365,0.3395350314269616,12.474379093892935
2001-04-27,-51.36292451501814,-6.485249689682923,-0.9584452734657791,13.325448604378911
2001-04-28,-51.833416866355954,-6.215012737356529,-1.067526909968121,13.121594394905456
2001-04-29,-51.834858489303485,-5.572518030802065,-0.029091229868393853,10.049322217117991
2001-04-30,-50.967962955733014,-6.76858476523866,-0.44252850706359403,9.077582630623091
2001-05-01,-49.01141341439154,-6.038375896984079,-1.8783759487511322,9.014937296716074
2001-05-02,-48.76953512953785,-5.622391168903064,-1.5594928679859525,9.083187354177278
2001-05-03,-49.74169269581009,-5.044487890854926,-0.06445799598046098,8.524408025194125
2001-05-04,-50.419556720126636,-5.995721350412613,1.0400264384170512,8.360560983606215
2001-05-05,-48.72618239659302,-3.9254717999697855,0.6630230665056885,8.373400875731457
2001-05-06,-49.39390792663571,-4.1222474572133425,-0.7270996795258159,9.089747649569375
2001-05-07,-49.17047823845162,-5.3567427580199665,-0.9261413651751386,8.728793575874487
2001-05-08,-47.70862160180125,-6.057338465148787,-0.7053706582109329,9.185414187624836
2001-05-09,-48.464085282675306,-5.875033150243229,-0.07946560369140887,10.621083251527114
2001-05-10,-48.99044728698273,-5.7242993020869575,0.9893392722572901,11.95004363724784
2001-05-11,-50.29701181993424,-5.858997027279657,2.5918154843691013,12.377611445163359
2001-05-12,-50.15483234154037,-4.985644653780422,1.7850303028322485,11.908763905663376
2001-05-13,-52.79439624617867,-4.938652470994187,1.6873285754682974,9.938719349180861
2001-05-14,-50.98735444188154,-3.5885747188501447,2.0417330072839226,11.953321033069908
2001-05-15,-52.50140757979955,-4.2376755008477796,1.0099278882274403,12.064445025945677
2001-05-16,-52.81206542812617,-2.978338913594727,1.8787727741836968,11.52930149933123
2001-05-17,-51.98529837461304,-2.273085199300197,1.2671575231727328,10.625412192257537
2001-05-18,-50.86775058426347,-2.0911590546937893,-0.8314306085737768,8.831326675983735
2001-05-19,-51.43683172453373,-2.855449828444143,-0.5812552052473479,7.250632446529869
2001-05-20,-52.67380953575886,-0.5210247166048356,0.6177883050110675,7.089658300785202
2001-05-21,-52.84966647341222,0.6658640934010471,1.1778588902377831,7.920928243385932
2001-05-22,-52.21703229723749,1.0376706714951933,2.092649478843456,8.518159132341946
2001-05-23,-52.05563635125491,1.7489993395432424,2.1783380462189568,7.571749229972797
2001-05-24,-53.001423057506024,1.9630351546573677,0.8065568351858101,7.570764868072184
2001-05-25,-54.02126270455396,-0.24756440276088942,0.8898555783798011,10.149471753588376
2001-05-26,-54.00579724088968,0.5500710724209311,0.5988863322898658,10.351562472585151
2001-05-27,-54.735398079002664,0.1769993444823032,1.355792241197817,11.087830615774736
2001-05-28,-55.474602484292916,-0.3478578281297388,2.0715533840891913,11.479962120575246
2001-05-29,-56.96807124836172,-0.9305151149223017,1.2467528306599147,12.360903603630302
2001-05-30,-56.76449044853046,-1.493104902555198,1.9496601080508607,13.013015994581188
2001-05-31,-56.31360448299368,-1.8029699457215878,2.2913325964639304,11.359631061048878
2001-06-01,-57.343993465746244,-1.8689614690915526,2.1996908982647194,9.729288359338787
2001-06-02,-56.14619184556393,-1.6522513806458299,3.2077517395238697,8.982054969204944
2001-06-03,-55.979319470303366,-0.37478974647213925,1.315511690962652,10.195068374107832
2001-06-04,-56.2735028049802,1.1599074255129858,-0.056877452690676567,10.670113396971539
2001-06-05,-55.44836882999072,-0.33958787823306524,1.5443843193329523,12.147142267346059
2001-06-06,-55.71726235605215,-0.7910990746693669,3.6320217906555037,11.88203166000033
2001-06-07,-58.16301009032119,-0.016101755868671352,4.707473999238092,9.941018634700113
2001-06-08,-58.58287168939505,0.1589179536480533,4.232904801969081,8.665574159709687
2001-06-09,-58.96036794481412,-1.4830742109533825,4.793026233410561,7.18398117929513
2001-06-10,-58.77542297799517,-1.5970168212615066,3.2721215320165182,8.301473384445824
2001-06-11,-59.5250702274223,-2.728855106157961,4.2508333916411125,7.644378591487335
2001-06-12,-58.48823793275853,-3.089536635082752,5.346278437980407,7.28046371878723
2001-06-13,-59.4891123822102,-2.0194088725696773,6.308430654896493,7.604876943793432
2001-06-14,-60.826926279222036,-0.7491106903840314,5.9725913043655305,6.918733639384174
2001-06-15,-61.31833901021323,-0.35195984570156086,3.431842841594814,7.747831288062689
2001-06-16,-61.65977994417052,-1.5749495241866827,1.6160051264991189,7.7773451805123575
2001-06-17,-61.56392611947998,-1.948948062876045,2.8920545607040102,6.599213212504879
2001-06-18,-60.50636406621216,-1.5124695361107319,3.178850283805363,7.4943400287622435
2001-06-19,-61.424493529495244,-0.6119568938826738,2.709093073107544,6.700838474322487
2001-06-20,-61.505441001817466,0.09305836301376436,2.958531585456685,6.9405761289417445
2001-06-21,-61.95021380612777,1.2716953156086728,3.160197496805164,7.036408862910216
2001-06-22,-63.017000286504,-0.580604434781641,2.8884314155104898,7.34452133858645
2001-06-23,-61.190592826699806,0.9555399805346942,2.097100519706909,6.787222590991437
2001-06-24,-61.26163413855729,-0.4093853466492494,2.0517134029112842,8.460698436326792
2001-06-25,-61.121495521387565,-0.12287990841037544,0.5808353967241182,8.621803933531071
2001-06-26,-60.01498249714379,1.1774285551724386,-0.3957710348448388,10.226732585302015
2001-06-27,-60.32714649181482,0.6966436766814927,-0.11668757137821462,10.150276666127857
2001-06-28,-59.54686981443275,1.0341393344636742,-1.6777711564008686,8.050851630077847
2001-06-29,-60.3082960771167,1.80524157783942,-1.9359607727222228,8.211410861657527
2001-06-30,-59.61630916062688,0.7291500972405007,-0.40698493194695184,6.957899508271176
2001-07-01,-59.03493024711314,-0.3729218591076502,-1.2619502187593525,9.248224843844955
2001-07-02,-58.256230474422104,-1.1334077098109858,-3.894804230391486,8.748440511532639
2001-07-03,-59.524165007694265,-1.9680185589217511,-3.773745442027532,6.121736492582235
2001-07-04,-60.73421367258166,-1.1472021015635407,-4.74654047351044,7.677014077159516
2001-07-05,-60.60430200011559,-2.5384200600289923,-2.4355390106593053,8.622967289543418
2001-07-06,-59.38696420043304,-4.316543027728652,-0.4322194561488195,9.59110002730681
2001-07-07,-60.490134505962445,-4.571342892135633,-0.048563712167073836,9.020468431999864
2001-07-08,-60.59119630063216,-5.577101878591955,-0.30331532019836344,7.9677657070702095
2001-07-09,-61.09373672809354,-5.44110620430565,0.9734009117853464,8.981732447450584
2001-07-10,-60.39817990920771,-5.924172601514788,1.6084775509642535,8.06520524619944
2001-07-11,-61.38080132787711,-7.076765441859231,3.4137357510141833,9.056502578777685
2001-07-12,-61.58433968843126,-6.2415643908125755,4.214255096532789,8.733340441603735
2001-07-13,-61.36016030601071,-6.171875633165733,3.092566614142911,6.3838877544842285
2001-07-14,-60.71261495732511,-4.649149024724779,2.2538912458951623,6.027477885497629
2001-07-15,-61.91958378121191,-4.837598524209526,0.625079859987411,5.539891809763352
2001-07-16,-61.13385011821813,-4.435988341527951,-0.3565054214791984,5.064177312139927
2001-07-17,-59.901656791314835,-2.6352752237352544,-1.2386504123239905,4.067672993179339
2001-07-18,-58.41473279323789,-1.7588072012811677,0.5106770317791742,4.147631223901446
2001-07-19,-58.40020268557657,-1.5447716642041955,-0.2885862515010831,4.584535730382494
2001-07-20,-59.23483120607486,-1.0141958520861516,1.3574353320630475,5.137596018390159
2001-07-21,-60.40445512524214,-0.28978086028849515,1.39233143614599,4.907777916717421
2001-07-22,-60.871897929020484,-0.10663279122079858,1.9232671774989574,5.720113120295933
2001-07-23,-60.53603736466235,0.9224855938507336,0.14022596025700307,4.399620388862591
2001-07-24,-60.00403750122751,0.03512509234144989,1.1566664458556584,6.308717530551899
2001-07-25,-59.9070140324907,0.708077034950811,1.2982151318728048,4.789581236818647
2001-07-26,-60.78266482677507,1.4943418743543513,2.6780303087299426,5.403977674768452
2001-07-27,-59.74733928702854,1.8220417445002943,3.521499903625487,4.821312348400826
2001-07-28,-59.48940519439375,1.2573254270534622,3.481672407538202,4.569205792292486
2001-07-29,-59.969162685141974,1.4942255016536152,2.8231546190954777,4.1774803697265845
2001-07-30,-60.73818744038233,0.9820709795250926,1.6038828439255424,5.64328369114476
2001-07-31,-60.746088961527455,-0.34755978773643914,1.7117302187402648,6.0053136672408005
2001-08-01,-61.4901503097248,0.6682251869456941,0.6594250008843185,6.02841535839045
2001-08-02,-61.04699853194694,1.223633726222991,0.397257480311811,7.208807240815498
2001-08-03,-60.0329828124661,2.0875966936628148,-0.33123395476103507,7.378803511009616
2001-08-04,-60.23372992140974,1.7890021351647445,-2.0116459538585665,8.048343123489143
2001-08-05,-58.83672256105041,2.2443568743931626,-3.5784495621728105,8.139519163727659
2001-08-06,-56.84930253534249,2.7074641520145577,-4.998851092890523,6.653129549878624
2001-08-07,-56.852291886687276,2.2611205044070517,-5.00412247657836,6.594912660503162
2001-08-08,-56.40848201471565,2.34475233652539,-5.702594608059315,5.0720599681931535
2001-08-09,-57.09659116116354,0.6409939179139159,-5.4693472993852765,4.2850648864735605
2001-08-10,-58.29621918546534,1.0800147599560814,-5.363820529853661,3.7478295073011694
2001-08-11,-59.286946209997396,0.16257754091466847,-4.2888925960038655,3.8780646256296425
2001-08-12,-58.57505909193382,-2.9800722736647307,-5.058483515880698,4.581680692459168
2001-08-13,-60.455954409503875,-5.123034616063276,-4.147166536519106,2.6447612257952127
2001-08-14,-61.426058699206386,-4.690366358654576,-2.3189933863241228,2.540491054626388
2001-08-15,-61.89629511743189,-5.004183381332363,-2.9421737713177483,2.568666960285068
2001-08-16,-62.09234215068975,-3.390385324340249,-2.2715874580828155,2.7526218823737167
2001-08-17,-62.74904182350441,-2.628417631748703,-4.666643954453368,3.6267001604790527
2001-08-18,-61.84147270228188,-2.2428896655094355,-3.575507338325661,2.2577504353638957
2001-08-19,-62.11573534437861,-1.4240040895326012,-3.759523410797088,4.501326156419804
2001-08-20,-61.712541115311545,-1.677240403485727,-3.9316744139886586,3.7807360763497253
2001-08-21,-61.757931273830906,-1.781513988580214,-3.7839472746310405,4.543153437026411
2001-08-22,-62.1264913521757,-2.3703425851495874,-2.890430840798167,3.059018309815699
2001-08-23,-61.52127600067068,-3.5370027588705226,-4.519222172230055,1.2633674166217548
2001-08-24,-62.43337611650484,-2.5834423386453134,-4.718693328595821,0.3281600679895139
2001-08-25,-61.07890002658019,-3.417815402499584,-3.1908923557950852,-0.5875866044743133
2001-08-26,-61.309539968902854,-3.221944517679208,-2.153301192581778,-1.245070156480931
2001-08-27,-62.0731934679995,-3.265402473399085,-1.9352614588204833,-1.3593533868000154
2001-08-28,-62.865633204803224,-3.1257838430466918,-3.9703865611231146,-0.19757821967370925
2001-08-29,-62.90969302397928,-1.847496363061722,-4.399309386912194,-1.0618875041046592
2001-08-30,-62.02827797486724,-2.8589679660969414,-4.422916447600598,-1.9222544016461174
2001-08-31,-63.07687395070942,-2.606191323874364,-3.2372151598805416,-0.6890918163003523
2001-09-01,-62.60553847894774,-3.4673506691617177,-3.924729065000953,0.3803541618872952
2001-09-02,-63.637810927035936,-3.933121875957138,-3.3036268817309358,-0.18526210222576256
2001-09-03,-65.07830133595004,-4.646715022089027,-3.197763900941148,0.3134993648614095
2001-09-04,-64.2059553051928,-7.122101759398216,-2.8572405185758454,-0.11140130825919614
2001-09-05,-63.50915863781115,-8.04849226049416,-2.207440676315373,-0.15734516457465014
2001-09-06,-63.34099020979448,-7.605902740315349,-0.35158298201955973,-0.02913215545536363
2001-09-07,-62.29876289365319,-7.590538230948285,0.8664287769166452,-0.13080048508775094
2001-09-08,-62.31739725372714,-9.48410854805074,0.17775694977817347,0.5773406963088792
2001-09-09,-62.02761200398694,-9.686548706379263,-0.22529090991760836,0.45097573498578103
2001-09-10,-61.36538731756946,-9.799995079606939,0.02100652405631509,0.8204824977542642
2001-09-11,-61.21167573977289,-10.987753790067224,0.4560345185506978,-0.37588148725856274
2001-09-12,-63.136856636425804,-10.987039061906074,-1.2167893258593532,-0.09744859846897752
2001-09-13,-63.65873671368428,-11.969762979942699,-2.361830344785687,0.636256229536037
2001-09-14,-65.64013196171467,-12.17230681649779,-3.1920935936741492,-0.96911721186977
2001-09-15,-65.40751850856675,-10.80559194189988,-2.608193244520389,-0.7428627988720935
2001-09-16,-65.61783806327132,-11.73289067553426,-3.5767642156412998,2.0568583662643576
2001-09-17,-65.69653630793293,-12.573747007427693,-3.4642318286968106,4.05020315290666
2001-09-18,-65.9469324052673,-14.449155608139883,-4.222447826773786,1.6646518590395516
2001-09-19,-64.4763675147952,-15.175018385475164,-3.6071598857894505,1.144502863452821
2001-09-20,-66.39829519063129,-15.793166628051333,-2.8490682556630063,1.318812139904276
2001-09-21,-65.03118241141024,-15.884078655794646,-5.397668599097941,2.6444614349772073
2001-09-22,-64.6037448582568,-15.820827474792452,-6.573867242844262,1.1213350967861169
2001-09-23,-63.968726379599794,-15.288770433004686,-5.787904786857566,2.025355331969342
2001-09-24,-64.01092323216824,-15.119667629378785,-4.695870674151254,1.7064139822557676
2001-09-25,-65.01451899700326,-17.34789368525248,-4.215980616654287,2.779886544895483
2001-09-26,-64.84886502151295,-14.75065336420426,-4.238292212037588,3.178786507333439
2001-09-27,-65.55211913452949,-12.740992054784275,-3.9461386931036846,3.46584132789003
2001-09-28,-65.86993576975951,-14.037807021361028,-2.87293029717304,3.483519768758373
2001-09-29,-66.20917404916582,-15.820795769305999,-4.1286111145756985,3.126333399497218
2001-09-30,-65.42432784286811,-14.822589942629453,-4.5075775739473185,3.575999395491159
2001-10-01,-64.58753123798198,-14.124802819475345,-3.8234920658865064,2.739687179676932
2001-10-02,-63.68786738512664,-14.210462976814561,-3.545970624671514,3.7008855340464404
2001-10-03,-63.25069457358483,-13.617666756367235,-2.1053253835837484,4.002452498342644
2001-10-04,-63.91989172312382,-13.678625837069982,-2.630200745127984,3.823875562811759
2001-10-05,-63.92458473012612,-15.44843777429142,-2.759942050931666,4.0045457792502885
2001-10-06,-62.44565687589994,-15.364805771396803,-3.188991659291556,2.6863998463555374
2001-10-07,-62.89435977547539,-14.98608532224558,-2.684016151337712,2.4441576408917682
2001-10-08,-61.631230703096506,-14.173162572526728,-3.151822797856134,1.4407020572279408
2001-10-09,-61.9533747967831,-14.269282364429799,-3.342673562399069,2.3392926437020742
2001-10-10,-61.871140360518844,-13.431875925685764,-2.701080970706531,2.238860025177075
2001-10-11,-61.01366144068263,-14.252748215766022,-2.7341864077139957,2.5771321698870944
2001-10-12,-62.90772040207867,-14.340087740537097,-4.475595882602854,1.7827100990363838
2001-10-13,-64.16502673877038,-14.777803383076735,-3.970510162364289,0.9411880801719059
2001-10-14,-64.8481504090084,-16.089710722225334,-4.7946122961195785,1.9281725632919886
2001-10-15,-65.41224054332804,-15.711182233391742,-5.377074125740432,2.800702515366777
2001-10-16,-65.36213114939362,-16.234037061049076,-6.430291382287062,1.8606669934244209
2001-10-17,-66.13584802955886,-15.990907162307586,-7.0728637944472466,1.515748756634961
2001-10-18,-65.94349393541714,-17.446869230666877,-5.212179712791761,2.1543284541893843
2001-10-19,-67.78818517532144,-17.341206855487123,-4.716515757289035,2.898249729473289
2001-10-20,-68.26459649945464,-17.721865500391697,-3.6492211655788465,4.189548858474836
2001-10-21,-67.83449536788213,-17.64713941114536,-3.1912638512820344,3.85043520673479
2001-10-22,-70.14887633113156,-19.13395797505424,-2.479933395082856,2.059633290217798
2001-10-23,-69.53723387348361,-21.588111915844845,-2.169850697583726,1.1571613509577339
2001-10-24,-69.4578444423142,-19.765282031828118,-0.5660588359403542,1.0328919941088264
2001-10-25,-70.43200579197628,-17.45622276901044,-0.3344682586740765,1.473202927942963
2001-10-26,-70.14353394384342,-17.37996613171651,-0.20122040574232297,1.309598673989631
2001-10-27,-68.28701451844945,-17.797132704037313,-2.3152456070371827,2.425134568344455
2001-10-28,-66.64450147226727,-19.08790274573358,-2.6678829037255536,3.137210589780841
2001-10-29,-67.3278644962163,-19.338548543659734,-1.9479443720295357,1.811605429659802
2001-10-30,-68.29389694163696,-19.09902136677162,-1.9090627482191675,0.9322767840040186
2001-10-31,-69.20608953148381,-19.096348417161586,-2.322896244448125,-0.6805872303441217
2001-11-01,-68.11873077417992,-18.93933075573044,-3.977334961698846,-1.958393938004833
2001-11-02,-67.43570674879405,-20.176329413612354,-3.0405409617641386,-2.0816271152352144
2001-11-03,-67.82738731382916,-18.92877362761274,-2.9244106472056464,-1.7485830331628391
2001-11-04,-68.5149746558994,-16.78338615096868,-2.134430082386983,-4.288751257765339
2001-11-05,-68.48064768553812,-16.840436232438552,-1.447427595604467,-3.2013503241194092
2001-11-06,-67.7303284014418,-16.905311334642306,-1.9999081794217686,-1.5180226916311395
2001-11-07,-70.67022642855032,-16.24678489427298,-1.2914062959961305,-1.5853259579024324
2001-11-08,-69.8795377065865,-17.029368674861487,-2.0401894987403884,-3.166724014547836
2001-11-09,-70.1711295281917,-15.831946726063203,-2.6418960143892107,-3.933001327982556
2001-11-10,-69.91903594450267,-16.076688010414745,-2.4890590705033873,-5.394344778219336
2001-11-11,-69.63341474694685,-15.76571043083375,-1.5029127475857647,-7.371972863573049
2001-11-12,-68.4150402532414,-14.625323999305387,-0.4834677125003686,-7.121641890276114
2001-11-13,-68.64269545171538,-14.420310498892636,-0.16574578431811499,-6.743706995303156
2001-11-14,-71.31620907879108,-13.277302150171124,0.5016288616850151,-5.079828397899574
2001-11-15,-72.31316479704789,-13.358639753385182,0.35236447639868207,-5.008284682553175
2001-11-16,-71.93948360901905,-12.195717898264682,0.9547890237143988,-4.047388319824739
2001-11-17,-72.74510961452344,-11.354715283795876,-1.3456645711492197,-5.024163672724622
2001-11-18,-72.24417854669672,-10.666360669886384,-0.4189880169202206,-4.585123362651899
2001-11-19,-71.03185088773648,-12.03044796637086,-2.016323017841347,-4.557205680970567
2001-11-20,-72.00895762615252,-11.867635570012549,-3.564418694500291,-2.5233488739559093
2001-11-21,-71.22604867718196,-10.893425406100251,-2.9039109285701503,-0.9681337821682192
2001-11-22,-70.11214451611677,-11.157890843488605,-3.650374499434947,-0.739521273871587
2001-11-23,-70.27921885750897,-11.596599607748876,-4.0463287033161945,-2.1344047822207863
2001-11-24,-71.0019812285215,-9.301723789347713,-3.455563389939022,-2.0885081019436087
2001-11-25,-70.95221052892327,-10.115192442966837,-4.041450786296152,-1.2299551102830892
2001-11-26,-70.63079556038703,-10.245128709175804,-1.307890497057992,-0.5890375556518657
2001-11-27,-70.73132290220775,-12.045735901898617,-1.4335328538481695,-0.09659115719127043
2001-11-28,-71.68576360989947,-12.971473052603075,-0.49574218939871617,-0.9056982978015722
2001-11-29,-71.3674500633183,-13.231144523296145,0.0738480840056499,-1.7199147037020333
2001-11-30,-73.19355118424754,-13.078336458461171,1.26201488085298,-0.842342022853651
2001-12-01,-72.5504023612414,-12.278200157702075,2.163852484357763,-1.560952214010534
2001-12-02,-72.22271642257364,-12.09638241599635,1.0519053145742985,-1.254947807455455
2001-12-03,-72.92430765829171,-12.004298070162989,0.14332571315831577,-3.5294885777396416
2001-12-04,-74.4396727878313,-12.364829044236759,1.3763764987453873,-4.081309556629033
2001-12-05,-74.2324585804691,-11.97232677535205,1.3153464504294312,-6.643346708665683
2001-12-06,-75.31289905463119,-11.238887269559148,3.2624416792631132,-6.599313837182149
2001-12-07,-75.93756206687564,-10.792791633937382,3.8466818748912908,-7.082313779504146
2001-12-08,-74.4880628629756,-13.143314104389221,2.4890814075544676,-8.49772218621256
2001-12-09,-73.74306819956647,-13.106533208856026,3.23028039509637,-7.814258033247448
2001-12-10,-71.7421720479511,-13.645915005157708,4.598399370532508,-8.629976146637123
2001-12-11,-69.56718929214277,-14.009259797186798,3.5573171484949446,-8.440355565660466
2001-12-12,-70.41159476029208,-12.858093409024962,3.18642183817409,-7.058213724599566
2001-12-13,-71.05303607729485,-11.566558028969217,3.2987756193051196,-8.519140523352524
2001-12-14,-71.09638570110828,-11.399241474736371,1.1751050631169564,-8.224661170564705
2001-12-15,-70.59584056399747,-12.604642997438246,0.8262370166844408,-8.262857466433141
2001-12-16,-71.18645968319557,-11.899759024943334,0.6343063812509484,-9.74159685448412
2001-12-17,-69.47486666434168,-12.050074161641811,2.231972721786871,-10.417630055631928
2001-12-18,-67.79833692916945,-13.268115561563972,3.256108774965592,-9.350629970071484
2001-12-19,-67.07750202160915,-13.084985419057002,2.4907512038818447,-8.327106086577526
2001-12-20,-66.15191672233381,-13.115289282438797,2.7220330656617557,-9.347572458957817
2001-12-21,-64.45645920903193,-12.73722130084008,3.314518148111735,-9.409196967157923
2001-12-22,-65.56602420686608,-12.047993754963647,3.9223093015340664,-9.970967583909868
2001-12-23,-64.71686665455599,-12.282903441344992,2.1797168581211825,-9.573045467182943
2001-12-24,-65.55350781879523,-13.517234775901866,0.8281021361608198,-9.41105192298153
2001-12-25,-67.28621813123819,-13.814354312896938,-0.15270125385622424,-8.279093658196517
2001-12-26,-65.88643845409207,-14.428710754241719,1.7308135571082286,-5.53204411160635
2001-12-27,-64.94957006295616,-13.486744432681107,-0.2561677074729465,-3.725628114189748
2001-12-28,-64.72309619449756,-13.175087577044415,-0.3407793849454085,-3.653412947804204
2001-12-29,-64.90871302236648,-14.042467428743574,-0.8631200269505729,-2.715216471241857
2001-12-30,-65.66517426446222,-14.054213763771365,-1.4874461595797575,-3.8740102833992953
2001-12-31,-64.58526482582192,-12.527165900591951,-1.2466019798967978,-4.3329154435678365
2002-01-01,-63.91553216099288,-12.434451512258825,-1.5411678668996776,-4.097499810686672
2002-01-02,-63.691795046240216,-13.219111621135983,-1.3871478827020272,-4.862041435991172
2002-01-03,-64.3750866442478,-14.03613357792149,-0.9090549589859585,-5.508897128344391
2002-01-04,-64.8020864814628,-13.536113871081623,-0.501838969413184,-6.942158941358564
2002-01-05,-64.88050475803949,-13.452670478800933,-1.8389899824457552,-8.88551794071345
2002-01-06,-64.81829122613675,-13.658904601853381,-1.3464645381249598,-7.719010055247168
2002-01-07,-64.59614421499893,-13.439566461962723,-1.0272658572250675,-7.129285904641318
2002-01-08,-64.19220865267789,-13.094717131976347,-1.3542382534778994,-5.867370361289726
2002-01-09,-65.15906160479938,-12.434320298206806,-1.2448183840643146,-6.530979529148114
2002-01-10,-65.97800107739548,-13.785047316287423,-1.9210682780375563,-5.769314035733427
2002-01-11,-65.2787326306823,-14.617778834126648,-3.548749989278359,-6.051599329306217
2002-01-12,-66.14237314542001,-15.073613220305962,-3.96000209571368,-5.699652245639767
2002-01-13,-67.24304887314011,-14.29129579120359,-3.2963144110602984,-4.522268199798392
2002-01-14,-67.20568225606625,-13.721474295045155,-3.3273865743548,-3.8516818463413793
2002-01-15,-69.20859971873782,-14.068743780366384,-3.0916947858898647,-4.498549839818972
2002-01-16,-68.88152498007422,-15.784402756794844,-3.548276369635308,-5.178343117797546
2002-01-17,-68.42713102989647,-16.709630610988075,-3.458790909895375,-5.486842208774326
2002-01-18,-67.52320815645523,-14.653729200598486,-2.930073258596985,-5.499899257338447
2002-01-19,-69.19289434884705,-13.39891488535442,-2.2383442315344078,-7.104099615247382
2002-01-20,-69.11500141426428,-11.190079926824618,-1.11181904950597,-7.321064067079136
2002-01-21,-69.13367876088743,-11.732262926724722,0.3827074374067241,-7.180629175045605
2002-01-22,-69.69549750853217,-10.900341064909723,-0.12689581653503235,-6.038870513129195
2002-01-23,-70.38561919618873,-12.4969071148311,0.9015054858678074,-6.757455407097726
2002-01-24,-70.1670816960839,-12.96787730148201,0.5311749044257279,-6.8369702720528585
2002-01-25,-70.33743004869653,-13.435194050848473,0.5789387384725162,-8.033306206594645
2002-01-26,-72.7932653173482,-13.90116967489769,0.21341535300834352,-8.425247354555111
2002-01-27,-71.88134927403203,-13.482378509476554,-0.6287649382952882,-8.383147697379083
2002-01-28,-72.06811291720774,-11.708018774399791,-0.6779913824349346,-9.653600935422268
2002-01-29,-72.10931124911816,-12.07809717771488,0.17779916878820934,-10.73107324611934
2002-01-30,-71.63109372855966,-12.784636984056581,1.8208517019809474,-10.517760027017065
2002-01-31,-71.78749241061503,-12.210201296148433,0.7303361150675969,-11.865398236827287
2002-02-01,-72.0712190696193,-11.15494392761521,0.4582510114565609,-10.845014515251206
2002-02-02,-70.95780073629128,-10.815155277314963,0.029806920760540312,-10.539827003311501
2002-02-03,-71.60514620002982,-10.358662632924498,1.6257592328118984,-10.093504073733204
2002-02-04,-71.5384694071153,-10.442858609473655,1.41857953276097,-10.032134299292673
2002-02-05,-72.47472042838342,-9.822804860908132,2.269577279645118,-10.820952055197209
2002-02-06,-71.79922123516093,-9.511351863893138,1.4848829882794135,-9.72337810940619
2002-02-07,-71.42382590823622,-8.631056576201543,2.2873477836599623,-9.973927634019363
2002-02-08,-71.41502651723907,-9.409810559227102,0.9074353182579395,-9.037796792739714
2002-02-09,-71.29912023170688,-10.71991510982721,2.9311100280660027,-9.315010497174837
2002-02-10,-70.98178635004741,-10.580809866466357,3.646973669863117,-8.197151085140241
2002-02-11,-72.25366223244617,-11.833440214456758,3.31062495760086,-7.8056579194817175
2002-02-12,-73.77998462580179,-10.931629735943217,2.609364698659234,-7.0151599473764605
2002-02-13,-74.58888016378641,-9.65224610229171,2.9742177402225933,-7.318762968524045
2002-02-14,-74.89455148824283,-9.840946890047002,1.7572505062140855,-7.654621730797354
2002-02-15,-76.30198701292741,-8.090257074780665,0.3740149450557586,-7.572051418239476
2002-02-16,-77.96949496633347,-8.089552193261648,2.498426787256893,-6.71830508376618
2002-02-17,-79.3836383177363,-6.140526430295787,1.9109232852773612,-6.639243093555466
2002-02-18,-79.81707378339985,-7.041521576517301,3.0468585249032665,-7.436353463012299
2002-02-19,-79.08681067252128,-7.8445777884785794,2.6615054717473225,-8.90756356996288
2002-02-20,-77.7773744420922,-8.21847215354526,1.052307574405937,-9.411951963092397
2002-02-21,-78.85585076609809,-8.26743455348352,1.657282092639666,-9.359785927727923
2002-02-22,-76.70780757459077,-6.906903901960974,1.4790745610440577,-11.096804889628215
2002-02-23,-76.95197060971283,-6.377822185506227,0.6034836073734405,-10.74501794883658
2002-02-24,-75.79784570874212,-4.68736801949805,-0.370307773094553,-9.632979098905821
2002-02-25,-75.43007117271969,-4.8422928670928345,-0.2641600256914729,-9.669546219711233
2002-02-26,-78.42277896450685,-3.259688569714017,-0.4050134221214143,-10.504234051081855
2002-02-27,-79.14114898255276,-3.4426764924659365,1.660036757480498,-8.628642711869372
2002-02-28,-78.87829716526208,-4.860068836002167,1.2165070765317407,-8.51819414270312
2002-03-01,-78.85366313367227,-6.072255485471203,0.8420975089193694,-10.177870170279402
2002-03-02,-79.23353905605629,-7.733323704827695,0.6807836131064295,-11.15413586725882
2002-03-03,-79.17620101037834,-8.733513619906306,1.360679415916626,-12.38449710479076
2002-03-04,-77.99030218119712,-8.65768562539491,0.4765601278372119,-12.026600321516426
2002-03-05,-76.39986867212377,-8.117778539890072,-0.5706074514899825,-10.966824619715988
2002-03-06,-77.28248347732753,-10.098133604091526,-1.4698484575585011,-11.152160258306713
2002-03-07,-76.58940728301864,-9.643232461448104,-0.9783192545055137,-10.870529896842395
2002-03-08,-77.65805911435561,-9.392140893893215,-0.6931014147864929,-11.20040857053341
2002-03-09,-75.97770016053641,-11.010067590878837,-0.6741337425101653,-11.56819707643418
2002-03-10,-75.92108030221404,-9.98013358641121,-0.6212948798685181,-12.03246644130425
2002-03-11,-75.92520833426008,-11.044803085351695,0.012360708119057207,-11.587588749133554
2002-03-12,-74.92956590697199,-10.893466671219038,-0.6119856076782062,-9.685199639160734
2002-03-13,-75.2334910070475,-11.16739336413323,0.776083755649017,-9.159072540365623
2002-03-14,-76.510529580782,-10.799564311010469,0.523708535346855,-10.532788216338604
2002-03-15,-76.75689122370903,-11.37834555866738,1.2989405478010292,-11.014896574863895
2002-03-16,-76.70800303946795,-10.91342494973191,0.5651231696159985,-11.979755769219153
2002-03-17,-77.51237678027867,-10.980029035398946,2.5209648282463526,-12.295808303075132
2002-03-18,-76.69792894841535,-12.035862770016188,1.7738493600165868,-14.44879014955438
2002-03-19,-75.21681592280315,-11.812020347743044,2.4204249620214746,-13.686681602951024
2002-03-20,-77.6177148087065,-12.528574793068971,3.0769351685576085,-13.938339293671374
2002-03-21,-76.40665385066346,-11.888808088412851,2.4340582064623315,-15.082327690566794
2002-03-22,-76.18147592863157,-10.844399643729666,2.3208274048143527,-15.70630890905791
2002-03-23,-75.17238946649621,-9.225431344922521,1.6058650237319387,-15.502349442989686
2002-03-24,-75.03494095284935,-10.669384092344869,1.8202240486646244,-17.139115600535852
2002-03-25,-74.65057553213377,-10.890127945307055,2.591970887893835,-18.2014348446614
2002-03-26,-73.70009864516672,-9.647561793235214,2.0288019384538964,-16.277422844464425
2002-03-27,-73.35295254007505,-8.688625965665942,0.15810153755393697,-15.911651267572472
2002-03-28,-72.6143402266782,-7.8425671589621,-1.308136611000208,-16.149907361833513
2002-03-29,-74.54670923013926,-7.195518124887295,-1.7808898734501497,-16.554553078262444
2002-03-30,-75.34342003200541,-8.135360544728249,-3.4876128773636625,-17.30394899240196
2002-03-31,-73.78974125634792,-7.246033964115892,-4.627426069875227,-18.836556907492415
2002-04-01,-74.19064488632056,-7.220749792442849,-4.93294953096632,-19.807237465700357
2002-04-02,-74.56966696359615,-5.803647355299376,-4.9476799199429875,-20.82094084651797
2002-04-03,-74.2304481690684,-5.764491960794356,-4.68588376076958,-18.509785310504252
2002-04-04,-74.0540194552147,-4.9454258245594485,-3.7458822503179254,-18.93194828667861
2002-04-05,-73.6272938246721,-5.58567360837694,-3.8123661485874343,-18.8666357158963
2002-04-06,-71.79311659042288,-6.373564944226047,-2.969353778754811,-18.722198833940897
2002-04-07,-72.22628283944618,-6.769044484530613,-2.6272683909685712,-18.93972528745583
2002-04-08,-70.96604490039086,-7.215743131126769,-3.8973788057769894,-19.617830152446516
2002-04-09,-71.62365787724076,-7.378801749776472,-4.0915065271808615,-18.538075290101915
2002-04-10,-69.98231062867609,-6.351438355434985,-4.569157743990727,-17.945599946109684
2002-04-11,-68.89304060559706,-6.557947434118123,-4.537992599340892,-18.25218011338327
2002-04-12,-68.46274223764249,-5.304615228013787,-5.957154749414485,-18.128157283697576
2002-04-13,-67.50345631932099,-5.203210639445846,-7.079260366162152,-17.92048580203324
2002-04-14,-66.57341226283654,-5.434216654990749,-7.658340840163764,-17.95138796864594
2002-04-15,-65.44983793500786,-5.625690284762787,-8.137882389541165,-19.44414977829441
2002-04-16,-65.78016155247927,-6.800531838943703,-7.191131374505695,-21.87597443221484
2002-04-17,-65.01216368881481,-6.712726053175631,-7.621247520641648,-21.686853691225117
2002-04-18,-65.63612853665738,-5.349498750316953,-7.596312843172202,-21.11881151927007
2002-04-19,-65.48135375210413,-6.417362134920724,-7.227965334054199,-20.663142033501554
2002-04-20,-64.06117759115054,-6.471297040415482,-8.346553583488767,-20.03444483160299
2002-04-21,-62.28678059765846,-4.947931278812023,-9.193470817390486,-17.751824894809435
2002-04-22,-62.81979711408428,-3.374066407749593,-10.045856128610819,-16.412781214372536
2002-04-23,-62.68429902672605,-4.493203292498534,-10.123496893121679,-13.750064772496007
2002-04-24,-62.70907024882651,-4.661523767961199,-10.597743302687343,-13.19901657189187
2002-04-25,-63.61049895964275,-5.510810058571648,-10.366148840323032,-12.311896553796213
2002-04-26,-64.25146868552683,-3.610631761025349,-10.950110074211876,-10.663505707061727
2002-04-27,-64.5721259328133,-2.490768989126947,-12.765126397196687,-9.741391135210796
2002-04-28,-64.82671534003853,-3.104037198049383,-12.40088719833132,-10.814381444673025
2002-04-29,-63.09437710996633,-4.30232537201527,-14.517745805109108,-11.762499575218692
2002-04-30,-61.978687088853846,-3.6069612290385007,-15.822282025579675,-10.285259243205441
2002-05-01,-60.457244647874234,-2.4939644391600817,-16.766968996303955,-10.716664474100776
2002-05-02,-59.40894483564363,-3.6205600088685843,-17.165634823561113,-10.742998100505702
2002-05-03,-58.73385745465748,-2.73754393724697,-17.04387892200508,-8.951274447839962
2002-05-04,-57.33331227476293,-4.568367659452925,-17.767934397302227,-8.973998516161506
2002-05-05,-57.45868824839769,-2.7989939788703513,-16.68126685722736,-9.193324980565427
2002-05-06,-58.72366003832284,-1.6736266405243387,-16.37412587277858,-8.665403394847523
2002-05-07,-60.25366747521185,-2.14389220992752,-16.173036809106556,-10.190739116589587
2002-05-08,-59.6170644278891,-1.7349048581061166,-15.172692510974727,-9.222389228214302
2002-05-09,-61.36411360975314,-4.694191680992902,-13.987450918381105,-11.329690185201597
2002-05-10,-60.98182686331651,-6.096906217945477,-14.746038355470676,-12.090244466930988
2002-05-11,-62.372156321886095,-5.218262971165012,-14.578467466668926,-11.451918738126498
2002-05-12,-62.412005448147006,-6.2462985586602375,-15.877610500107387,-15.167759577448306
2002-05-13,-63.67784213325256,-5.455894091362768,-16.190824965655434,-13.957225596015718
2002-05-14,-65.20764639552341,-6.101286430376039,-17.520121375892362,-12.396706979796987
2002-05-15,-65.78969955228928,-7.329639135983452,-18.030295516619784,-12.741629279464112
2002-05-16,-65.98092674660349,-7.23130965075682,-17.592429264834898,-12.45165677718646
2002-05-17,-64.4424267832145,-8.035145340732901,-17.875976001474307,-13.139472202890392
2002-05-18,-63.560455256680015,-9.590940055687053,-18.558020429020466,-13.601932027702128
2002-05-19,-64.24109897619897,-9.52730357994094,-18.557122072562688,-12.293389476819147
2002-05-20,-64.06547560487225,-7.71288032659671,-18.245994449609043,-11.948440105112553
2002-05-21,-65.00890940504276,-7.322639060134941,-17.50235126237564,-12.543687837286898
2002-05-22,-61.995544834882814,-7.0365824188157235,-18.648452722752214,-12.732704110491907
2002-05-23,-62.71141240069942,-9.108814974643163,-17.849027831362267,-13.829162053720351
2002-05-24,-62.27977454878322,-9.992757701170605,-16.36356084397244,-14.330977028648032
2002-05-25,-60.92844401951639,-11.678989629205306,-14.819016726647092,-15.109207785354513
2002-05-26,-60.48183274186943,-11.35269019902616,-15.377657126329918,-14.900415867366911
2002-05-27,-60.35443100034357,-11.574981615620523,-14.924477498831674,-15.986773233949233
2002-05-28,-60.1608814904176,-12.525527896429864,-15.937336410758343,-17.33852298504162
2002-05-29,-59.48698824756883,-13.05587758931798,-14.506394667553138,-19.2019734802204
2002-05-30,-60.4126518630514,-13.301167207245518,-14.670003270142884,-18.823640736956225
2002-05-31,-60.818647165471056,-12.77655660600481,-15.036185454399808,-18.57274861519032
2002-06-01,-61.58166204099586,-13.002047690926616,-15.346351337876262,-19.84217740346543
2002-06-02,-62.02093037983059,-13.956466596809575,-15.491564753286463,-19.999022794386768
2002-06-03,-61.63807697400414,-14.862199557372866,-15.671272720004565,-18.465748769698966
2002-06-04,-62.89037169998221,-14.063307207951505,-16.938625150329877,-18.14640513518777
2002-06-05,-62.3695474782512,-12.47657725862786,-17.79698260864098,-17.06884475736485
2002-06-06,-61.90512583221854,-14.00469839228813,-16.85854643178134,-16.74229070102849
2002-06-07,-61.34333908767821,-14.31541564415598,-14.993211548112315,-15.813863384724824
2002-06-08,-61.17382034439855,-13.376051943354867,-14.067427156533277,-16.310565051827737
2002-06-09,-60.70600856849058,-13.905731286627447,-14.528986436989042,-16.25788083457514
2002-06-10,-59.68526273433558,-11.553547844024932,-16.06097246866512,-15.472654957256166
2002-06-11,-58.63782119652691,-10.810636643145322,-16.734344473495547,-16.69771833698017
2002-06-12,-58.67424911625508,-12.032844674527775,-17.175459171147843,-17.856375323210816
2002-06-13,-60.30272325134298,-10.842801563017792,-16.915208891102857,-17.286984727656083
2002-06-14,-61.141762364011,-11.664891855283898,-16.926831680945853,-16.742357568714937
2002-06-15,-61.186828532030994,-11.373080798949422,-15.222189505850196,-15.926329197217012
2002-06-16,-59.26281209978844,-11.135665650820968,-16.026458448995285,-14.659691776419796
2002-06-17,-60.91286389649973,-10.457472133137268,-14.614489100382825,-14.092330108636528
2002-06-18,-61.55809539054205,-11.498858384345038,-15.720742277017463,-14.54507640542887
2002-06-19,-62.61376350413985,-10.301616472771089,-15.52873809757737,-16.35565492849805
2002-06-20,-64.72931376444151,-8.92262664834974,-14.228942552733125,-16.43691499642245
2002-06-21,-64.92941083013719,-7.5329810884623,-14.216193015927992,-16.530394891987726
2002-06-22,-64.90762467782274,-8.697128723259253,-13.701179340323696,-18.15582908555429
2002-06-23,-64.28289874937118,-10.255934359197415,-13.083822050620293,-17.29063964117469
2002-06-24,-62.69772499588145,-11.487571915651463,-12.990245946142585,-17.070295246478153
2002-06-25,-62.45869780390235,-10.594603589515826,-11.672335197673025,-16.45881154365641
2002-06-26,-63.266587561165885,-11.300285322438656,-13.164976445625431,-16.552617713476373
2002-06-27,-61.9147176609632,-10.572880278567592,-11.81108592002004,-18.184188049955903
2002-06-28,-61.36806107210676,-11.06180092183615,-12.275614923046252,-17.781508025462326
2002-06-29,-63.03074900566911,-11.200352491448907,-11.886324559126072,-17.792263239641912
2002-06-30,-63.87843402377837,-11.832403465183203,-12.985612099365097,-18.53555564602079
2002-07-01,-66.43200102843448,-12.621959770669175,-12.905510040140584,-18.055934415804483
2002-07-02,-67.79025137177402,-13.960162994196999,-13.23695246738302,-16.56440878969979
2002-07-03,-70.05283363967806,-14.417356721131831,-13.464434803825874,-15.75276776533562
2002-07-04,-69.05851959250212,-14.305828614612336,-12.128892264068426,-15.397211655613374
2002-07-05,-68.6272381591329,-14.77487554570419,-12.374632060753864,-16.598305066031987
2002-07-06,-69.60927194898335,-13.985379429876616,-12.237025623689465,-14.810749839259378
2002-07-07,-72.5355030907088,-13.639484799820067,-10.527584200730129,-14.780355996980907
2002-07-08,-72.37308302025399,-12.969303336625508,-9.74270404147722,-14.322921263266972
2002-07-09,-73.00664008658858,-12.822724073412708,-9.390978712212059,-14.67892852876574
2002-07-10,-72.85215909531672,-12.810209021231646,-10.457798835350735,-15.03075740959725
2002-07-11,-72.82089043832246,-14.197421105658744,-10.700063359500444,-15.281297324717126
2002-07-12,-72.74354501755782,-13.371596628262868,-8.778159863808927,-15.707229879204691
2002-07-13,-73.23561078858411,-15.697771743757684,-10.086017539779007,-14.983519976089356
2002-07-14,-72.78848080421442,-15.98474204178471,-10.487597356829276,-15.95045906238136
2002-07-15,-72.98187763186209,-15.483479485786901,-9.67153430586296,-16.21412752322873
2002-07-16,-72.00448000274561,-15.287264158144426,-9.73054702302663,-16.551318372066003
2002-07-17,-72.79798560663123,-16.075012484991266,-9.602445635681764,-17.77483213020287
2002-07-18,-74.71029715053673,-15.03239745738827,-11.684275930224057,-17.48948186230817
2002-07-19,-74.19424890168303,-14.92319286258463,-10.645709899345128,-17.41190769505372
2002-07-20,-76.88143679144285,-16.79973971630556,-11.61899339107686,-17.132481167504206
2002-07-21,-76.48277802464409,-15.58468350088875,-11.196293929308554,-17.675866820851027
2002-07-22,-77.27450609584302,-14.93016236391784,-12.782011305314272,-18.239396040964365
2002-07-23,-77.77024094814273,-14.272227610940337,-14.490432873495077,-18.468801869621778
2002-07-24,-77.57799481922704,-13.576680764618144,-15.302479625583617,-18.19858301940291
2002-07-25,-78.49257042163967,-14.008790147741918,-13.333478745610801,-17.343343504820382
2002-07-26,-77.75032048280825,-14.502676115439868,-14.052367360903416,-18.409834820299302
2002-07-27,-79.40186952545675,-14.108689831145089,-13.446866722260456,-18.927382013839516
2002-07-28,-80.51550846412587,-14.374465125550714,-15.450692960328883,-17.50163363920316
2002-07-29,-80.45460193755297,-13.504106064437144,-15.403731845788135,-17.415730493919693
2002-07-30,-78.42075191580027,-14.170731788513379,-14.711330693192162,-18.045543217653368
2002-07-31,-77.97864841739836,-13.835076296503546,-12.509406292257829,-16.169804894753376
2002-08-01,-77.00955050653847,-14.745211271954215,-12.430731249666175,-16.700476616390613
2002-08-02,-77.87884884742881,-14.845130023542165,-12.987714368241607,-17.05640855745757
2002-08-03,-78.53921313217928,-15.158838643341143,-14.427562664347338,-15.258842806403596
2002-08-04,-76.95254167881212,-13.245376380318692,-14.497483435506009,-16.30059407056284
2002-08-05,-76.90479748646084,-13.213480797394883,-14.665696990808199,-17.718077791214082
2002-08-06,-75.85422040261099,-10.435715368635076,-16.39616675872126,-20.492440793620155
2002-08-07,-75.36229437539627,-9.85681493671704,-17.520236212933455,-20.998983756513688
2002-08-08,-77.21094218957639,-9.418811090312753,-16.240582739624532,-21.810617942356593
2002-08-09,-76.30993368479194,-9.841449133692732,-15.186167688961064,-20.31603665294511
2002-08-10,-74.58472783057573,-10.483249993656841,-14.834921121782365,-19.604827834716822
2002-08-11,-75.2662300117696,-11.344932657848753,-15.551818849232893,-21.78798431696927
2002-08-12,-75.7587471364038,-10.896136615920314,-15.903689242290596,-21.726616719106747
2002-08-13,-76.76033859205147,-11.57392572286987,-15.877046310334794,-23.620842236854948
2002-08-14,-76.34945066599151,-11.66272411075938,-15.019180317493442,-22.84710844416609
2002-08-15,-76.60069480058259,-12.690610676719881,-16.189908578653696,-23.5079466621677
2002-08-16,-76.52407811585245,-10.539724628896376,-17.149043775171766,-20.878439425512276
2002-08-17,-76.30993556301394,-10.987921901793026,-17.476745808260546,-22.950476269506687
2002-08-18,-75.69816839446048,-11.836939963845522,-17.61417156507845,-22.958562201814466
2002-08-19,-74.61105260639913,-12.582117075385323,-16.085129246467535,-22.312325566176508
2002-08-20,-74.97713515309735,-12.37922926792224,-17.093312330919275,-23.205025054980464
2002-08-21,-75.50191746839627,-12.041904503729427,-17.346625858167204,-24.02185060793201
2002-08-22,-74.4888435229817,-11.794426635709236,-15.695490457589747,-24.70912179211163
2002-08-23,-73.61292877852631,-12.862360212821574,-14.98947231416274,-25.33741584917124
2002-08-24,-74.74860618397133,-12.07165633515933,-16.278553445315694,-25.217172817182046
2002-08-25,-74.84456309726045,-12.624423803691103,-16.392406478746285,-26.340346266409675
2002-08-26,-74.52026676132495,-11.337010063470869,-16.823327128655187,-27.713679919469115
2002-08-27,-74.32645778888057,-9.82305839703599,-16.085436452463565,-26.098077013102504
2002-08-28,-73.50791638844723,-10.589336236064073,-16.619960178644668,-26.4554967186648
2002-08-29,-71.92429639996912,-12.449073747925729,-17.206939533863082,-26.545884876674773
2002-08-30,-71.13624214897305,-12.583405712644703,-18.254222854456543,-27.516386716641367
2002-08-31,-71.6238552371368,-13.64579696495855,-18.242933788582274,-28.18039339656703
2002-09-01,-71.94681323546696,-13.5764401160832,-17.364772155393414,-28.506993657368188
2002-09-02,-70.92663768933967,-13.542645654075699,-17.323369827749037,-28.541901474662104
2002-09-03,-69.8813350635532,-13.388941045835445,-18.89693436583925,-27.84856565267257
2002-09-04,-70.1121315769098,-14.227615423136223,-20.29111562390458,-27.863217904378132
2002-09-05,-70.71730443332903,-15.020084680307221,-21.640780920383076,-29.17987185529215
2002-09-06,-69.11304372363992,-13.89472597375722,-21.706189366929962,-28.06254187425067
2002-09-07,-69.7122968578516,-12.969364850614413,-22.23637705758988,-27.182895945439586
2002-09-08,-69.69650476046496,-11.82809780727426,-23.78168127685904,-27.73279066719721
2002-09-09,-70.30116907721063,-11.30598622515731,-25.28052806085821,-28.31069905195633
2002-09-10,-69.74235606161514,-10.928353118095128,-28.336779911217356,-28.17731817914421
2002-09-11,-70.35346136838372,-10.491667670539785,-29.459280926801267,-27.540069308116344
2002-09-12,-70.68257607060441,-11.379807787291115,-29.46818537495254,-26.083797035414307
2002-09-13,-70.84949501338485,-10.76685343865961,-29.01083686512369,-26.050209381128738
2002-09-14,-69.87894309227244,-10.465511209751332,-29.66336871458202,-27.033252103168543
2002-09-15,-70.59927373663893,-8.436374677816046,-30.042601545173007,-25.675405677004033
2002-09-16,-69.45380343679189,-7.800209700584914,-30.034733186545317,-23.55343556383463
2002-09-17,-69.61889294431194,-6.724066156954119,-30.257811819113307,-23.74069797904328
2002-09-18,-69.60130012476566,-7.97917142072693,-30.754246501587264,-23.945622094554253
2002-09-19,-69.63487942554285,-8.33385889042183,-29.820882220939204,-25.331518589996975
2002-09-20,-69.84593915559594,-9.524750008163197,-31.01159109450823,-24.73315268433897
2002-09-21,-71.21238060284227,-8.827155815717838,-31.191040533296444,-25.275532212600403
2002-09-22,-72.2090277836006,-9.716990593139544,-32.713702229992094,-24.926796187180347
2002-09-23,-72.29777293349174,-8.724788343337684,-32.571118724917866,-23.09340391641253
2002-09-24,-72.36279768158165,-8.826022323536709,-31.626066267377514,-23.72404916055982
2002-09-25,-72.03613334210489,-9.338871972150358,-32.70073448689543,-22.94855010403691
2002-09-26,-71.121957213268,-10.029049932071057,-33.485218964025584,-23.55777715316328
